time,C,A,T,R,L,M,f_ras
0.0,0.1,0.1,0.1,0.1,0.1,0.1,0.9
0.5012531328320802,0.18136305549358664,0.22753343087890943,0.11390512170034034,0.08456658935105758,0.1412465383265815,0.06979080240671236,0.9
1.0025062656641603,0.2055225724558296,0.29551758352531393,0.15397785794400626,0.08284975741808626,0.20867935802513987,0.04872503597370977,0.9
1.5037593984962405,0.21316729161155865,0.3274830833292405,0.18840667877568565,0.0960923012213352,0.27695320406469054,0.03410097610424968,0.9
2.0050125313283207,0.21734823253998192,0.342108437785728,0.21146806972691018,0.11770071612362322,0.33595910695472214,0.024224710473234046,0.9
2.506265664160401,0.22083333379251968,0.3491200115109811,0.22546098037287354,0.14075886765643664,0.3835742891814227,0.018339269168392562,0.9
3.007518796992481,0.22437826660030155,0.3529110438683811,0.23367682067921178,0.16137461779452186,0.4208035061125549,0.01636403476263047,0.9
3.508771929824561,0.22896868362702305,0.3555257540143161,0.23863859211316707,0.178235833399742,0.44955287313827696,0.018311174056766133,0.9
4.010025062656641,0.23561260846679588,0.35807779323700734,0.2420397003381878,0.19145328292536304,0.47181351126524046,0.02380994655928691,0.9
4.511278195488721,0.24483601557622317,0.3612138217098544,0.24497220312913523,0.20174269184768256,0.4893910921881367,0.03208735976355207,0.9
5.012531328320802,0.256564142874721,0.3652271230796201,0.24809118509229955,0.20997451668961653,0.5037999785542997,0.04226459474427394,0.9
5.513784461152882,0.27033164615874883,0.370132112642046,0.25172077498605755,0.21694403636118487,0.5162154467923122,0.05364791811264789,0.9
6.015037593984962,0.28556959567909096,0.37577181549769567,0.2559480665109483,0.2232689703652881,0.5274743164809743,0.06585189360172236,0.9
6.516290726817042,0.30180285429660053,0.38192971836444756,0.26071713833120647,0.22936422847216906,0.5381191676892112,0.07877203829259175,0.9
7.017543859649122,0.3187134091348277,0.3884089800893105,0.26591108495547294,0.23546542903755138,0.5484695811549025,0.09248280895211211,0.9
7.518796992481203,0.33611500698641306,0.3950629843802977,0.2714068715471038,0.24167437271717696,0.5586955056772839,0.10713096951839757,0.9
8.020050125313283,0.3538933493266015,0.401794214619768,0.2771013101314294,0.24800713224785792,0.5688758304670416,0.1228519732409857,0.9
8.521303258145362,0.3719466703904069,0.4085359971626271,0.28291529741194527,0.2544337058843003,0.5790386374646221,0.13971968785778574,0.9
9.022556390977442,0.3901480256308582,0.41523447834455657,0.2887870868705732,0.26090238443008174,0.5891814102831332,0.1577211155319168,0.9
9.523809523809524,0.4083267724473712,0.4218347366831101,0.29466290894538943,0.26735393915724187,0.5992810559048699,0.17674561066831024,0.9
10.025062656641603,0.4262693825730393,0.4282742103908829,0.3004880403925882,0.27372838505619895,0.6092982726203955,0.1965935120953333,0.9
10.526315789473683,0.4437390739980886,0.4344845718871867,0.3062029922096481,0.2799655625441321,0.6191779142662456,0.2169895714286011,0.9
11.027568922305765,0.46049480877659216,0.4403965187990548,0.31174482063199527,0.2860063700616996,0.628852247336963,0.2376007177381392,0.9
11.528822055137844,0.476315102630157,0.44594636852779795,0.3170499489974489,0.2917944135918427,0.6382449574922284,0.2580626518876988,0.9
12.030075187969924,0.4910172968434952,0.4510809632676371,0.3220598606577833,0.2972778257814121,0.6472771435812366,0.27800797084360096,0.9
12.531328320802004,0.5044688319868124,0.45576472576588495,0.3267241403425729,0.30241244192730343,0.6558723049913316,0.2970977043201759,0.9
13.032581453634084,0.5165962973267653,0.45997807800180385,0.33100572615471885,0.3071639156738514,0.6639634397454561,0.3150447710568704,0.9
13.533834586466165,0.527383913465909,0.46371855770570836,0.33488468745990796,0.31150924710276046,0.6714984492398361,0.3316367536584004,0.9
14.035087719298245,0.5368599491229473,0.4670020616818819,0.33835203390528273,0.31543828225015264,0.6784389646115719,0.3467349068454414,0.9
14.536340852130325,0.5450976619824296,0.46985316523723764,0.34141582760976047,0.3189524674915029,0.6847665628903834,0.3602803326320226,0.9
15.037593984962406,0.5521917744174278,0.47230616476011544,0.3440938939915973,0.3220637350189957,0.6904790133815916,0.3722807587956881,0.9
15.538847117794486,0.5582546533553601,0.47439995362474996,0.34641233965490686,0.3247924069517942,0.6955888056070125,0.3827958278801098,0.9
16.040100250626566,0.5634014464347435,0.4761750481772475,0.34840219805161815,0.3271645379961931,0.700120175971275,0.3919209458710787,0.9
16.541353383458645,0.5677495460923399,0.4776729915954964,0.3500989736384374,0.32921151292131456,0.7041083460783313,0.39977887468319007,0.9
17.042606516290725,0.5714058333754055,0.47893188446426693,0.3515374338672696,0.3309660284063508,0.7075942617218088,0.40650038824239776,0.9
17.543859649122805,0.5744697939626752,0.47998526505787775,0.3527504079513981,0.33246060307676883,0.7106217849646216,0.4122163663985324,0.9
18.045112781954884,0.577032968298869,0.4808651665275388,0.3537695934498135,0.3337276939079303,0.7132368952446461,0.41705752484119724,0.9
18.546365914786968,0.5791727073839902,0.4815987455693027,0.35462350634073014,0.33479737855285524,0.7154850034671512,0.4211429294222005,0.9
19.047619047619047,0.5809557822358709,0.4822093285276135,0.35533701827513403,0.33569703600074585,0.717409130135134,0.42457954973105827,0.9
19.548872180451127,0.5824400361354171,0.4827169782900353,0.35593206059557314,0.3364513939943217,0.719049684139462,0.42746340608521466,0.9
20.050125313283207,0.583674766316304,0.48313871385703744,0.35642760339682206,0.33708235881248205,0.7204437981266187,0.429878834311346,0.9
20.551378446115287,0.5847013413182792,0.48348895903250627,0.3568398947273118,0.33760909669164907,0.7216250979083816,0.43189882149023184,0.9
21.052631578947366,0.5855542461694397,0.48377983474818803,0.357182635726493,0.3380481078940716,0.7226234874840658,0.4335858687941426,0.9
21.553884711779446,0.5862627617788682,0.4840212684032424,0.35746729016319634,0.3384134964215074,0.7234652792664612,0.43499331254265367,0.9
22.05513784461153,0.586851775931809,0.4842215001731774,0.3577037595659366,0.33871740368489195,0.7241738633388146,0.4361669022650074,0.9
22.55639097744361,0.5873413389822147,0.4843873785917141,0.35790035506707074,0.33896994635263256,0.7247694627554663,0.43714470541195716,0.9
23.05764411027569,0.5877475051944865,0.48452511002365034,0.3580638154373891,0.3391796385009313,0.7252693092266563,0.4379588900662034,0.9
23.55889724310777,0.5880838483142238,0.4846402501690437,0.35819924444841683,0.3393538327399905,0.7256879652172041,0.438636806977402,0.9
24.06015037593985,0.5883634588036893,0.4847362927047084,0.3583110915866358,0.3394987014609015,0.7260381823987216,0.43920088019705555,0.9
24.561403508771928,0.588597024861194,0.4848152010469123,0.3584041954066349,0.3396189250957645,0.7263313372769012,0.4396700100244144,0.9
25.062656641604008,0.5887900516008969,0.48488059776299625,0.35848206036891545,0.3397184587357954,0.7265765129354524,0.4400604869294377,0.9
25.563909774436087,0.5889509339904697,0.4849347956025395,0.35854667453657607,0.3398011420738143,0.7267813145655639,0.44038530666640574,0.9
26.065162907268167,0.589084414861705,0.4849799561849109,0.35860017258662225,0.33986976386756873,0.7269520419530002,0.4406552425617135,0.9
26.56641604010025,0.5891951711876344,0.4850174381598673,0.35864458365396573,0.33992666421822815,0.7270943279878808,0.44087950731481645,0.9
27.06766917293233,0.5892872239684109,0.4850485159635985,0.35868161337387094,0.33997390094647,0.7272130950198413,0.4410661621735773,0.9
27.56892230576441,0.5893635928517693,0.4850743809257681,0.35871239982933856,0.3400131138158326,0.7273120839552942,0.44122140466024756,0.9
28.07017543859649,0.5894269708069789,0.4850961709388834,0.35873776415221686,0.34004576708830625,0.7273944647738324,0.44135051233835815,0.9
28.57142857142857,0.5894799794499639,0.4851142884357176,0.3587586444711736,0.3400729435224163,0.7274629702142825,0.44145769519175215,0.9
29.07268170426065,0.5895242373060078,0.48512895207893897,0.3587763157666001,0.3400954311775009,0.7275202441421891,0.4415468923998153,0.9
29.57393483709273,0.5895608131762418,0.4851413089246616,0.35879091410153335,0.3401141241939806,0.7275678472453666,0.44162104578362943,0.9
30.075187969924812,0.5895911984257012,0.48515158988722995,0.358803064986744,0.3401296572669074,0.727607498499126,0.4416827430400664,0.9
30.576441102756892,0.5896163888983883,0.48516012895154315,0.35881314212087717,0.340142536983213,0.7276404330706947,0.4417339422253008,0.9
31.07769423558897,0.5896373835034537,0.48516722817944447,0.3588215300481493,0.34015325610484615,0.7276678822614161,0.4417765720832909,0.9
31.57894736842105,0.5896547162317043,0.48517301119743284,0.3588284451900843,0.340162060506948,0.7276904926196364,0.4418116202914011,0.9
32.08020050125313,0.5896693060037647,0.48517771985829744,0.35883425738659375,0.34016938779839034,0.7277093945986854,0.44184083147197967,0.9
32.581453634085214,0.5896811993330228,0.4851819406146858,0.3588390228960749,0.3401755564099707,0.7277251646464691,0.4418653678809918,0.9
33.08270676691729,0.589691132687796,0.48518539908676844,0.3588430040794865,0.3401806738195061,0.7277382912776559,0.44188574853362667,0.9
33.583959899749374,0.5896994575639791,0.4851882098433841,0.3588463459388853,0.3401849185603988,0.72774923367145,0.44190268814339617,0.9
34.08521303258145,0.5897063715775542,0.4851905649629343,0.35884910898291,0.3401884514025439,0.7277583252996,0.441916770226439,0.9
34.58646616541353,0.5897121394330237,0.48519251925980694,0.3588514149818098,0.34019139302011087,0.7277659056141398,0.44192850258973604,0.9
35.08771929824561,0.5897169509021218,0.48519414161828245,0.3588533379090599,0.34019384240207184,0.7277722237329531,0.44193827503472327,0.9
35.58897243107769,0.5897209531452332,0.48519547991844786,0.3588549391758371,0.3401958741972384,0.727777474149872,0.4419463881590613,0.9
36.09022556390977,0.5897242725077385,0.48519657609304817,0.3588562730935339,0.34019755318602446,0.7277818268416362,0.4419531046549907,0.9
36.59147869674185,0.5897270314131527,0.4851974740412292,0.35885739760550456,0.34019894471578743,0.7277854569761973,0.44195869540047467,0.9
37.092731829573935,0.589729288654437,0.48519820071433106,0.35885837113435126,0.3402000885488282,0.7277884972503137,0.4419633607207268,0.9
37.59398496240601,0.5897310825774679,0.485198776247322,0.35885923046845714,0.34020101166974326,0.7277910344812981,0.44196723316348807,0.9
38.095238095238095,0.5897327427429174,0.4851994095332963,0.35885972362182583,0.34020186310955564,0.7277930350629955,0.44197040076280236,0.9
38.59649122807017,0.5897340987461089,0.4851999069390868,0.3588601800363358,0.3402025580063118,0.7277947293052697,0.44197305833702727,0.9
39.097744360902254,0.5897352135856742,0.48520030542683823,0.3588605956141078,0.34020313116139317,0.7277961712478126,0.4419753040662628,0.9
39.59899749373433,0.5897361080791279,0.4852006282035387,0.35886096235786974,0.34020359841408426,0.7277973783626299,0.4419771766005545,0.9
40.100250626566414,0.5897368582339891,0.48520088942204925,0.3588612721870012,0.34020398589995043,0.72779838615785,0.4419787348468092,0.9
40.6015037593985,0.5897374832354592,0.48520110334775746,0.35886153284963007,0.3402043073093504,0.7277992264066353,0.4419800315876648,0.9
41.10275689223057,0.5897379986332374,0.48520127600861723,0.3588617455599619,0.34020457006716115,0.727799913055655,0.4419810899812925,0.9
41.60401002506266,0.5897384755159577,0.48520143830072404,0.3588619399503368,0.3402048140367777,0.727800547011917,0.4419820689611687,0.9
42.10526315789473,0.5897388725338654,0.4852015725240302,0.3588621007405885,0.3402050165118211,0.7278010725984988,0.441982880390992,0.9
42.606516290726816,0.5897391857482804,0.48520167699255656,0.3588622264752384,0.34020517532944505,0.7278014845120171,0.4419835158755327,0.9
43.10776942355889,0.5897394280125741,0.4852017566061684,0.358862322720791,0.3402052973887913,0.7278018007308418,0.44198400335976773,0.9
43.609022556390975,0.5897396608867043,0.4852018348322889,0.35886241613747255,0.3402054157326211,0.7278021073606074,0.44198447668341684,0.9
44.11027568922306,0.5897398439483358,0.4852018962614201,0.35886248921928343,0.34020550866394794,0.7278023478614631,0.44198484796282644,0.9
44.611528822055135,0.5897399771974685,0.48520194089356194,0.3588625419662236,0.340205576182772,0.7278025222334092,0.44198511719799655,0.9
45.11278195488722,0.5897400825025773,0.48520197618578553,0.3588625835117229,0.34020562952506184,0.7278026598640157,0.441985329735002,0.9
45.614035087719294,0.589740182799291,0.4852020099590575,0.35886262343491104,0.34020568047508737,0.7278027915749294,0.4419855331327495,0.9
46.11528822055138,0.589740256957576,0.48520203500811265,0.35886265291077024,0.3402057181762892,0.7278028889709214,0.44198568357638207,0.9
46.616541353383454,0.5897403049774324,0.4852020513329509,0.35886267193930044,0.34020574262866715,0.7278029520519915,0.4419857810658998,0.9
47.11779448621554,0.5897403572808212,0.48520206903270163,0.35886269273307736,0.3402057692356233,0.7278030207815601,0.441985887240084,0.9
47.61904761904761,0.5897404086885901,0.4852020863880498,0.3588627132129847,0.3402057953748226,0.7278030883560996,0.4419859916053095,0.9
48.1203007518797,0.5897404476327436,0.48520209955878674,0.3588627287351727,0.34020581518909904,0.7278031395794609,0.4419860707233393,0.9
48.62155388471178,0.5897404741132815,0.48520210854491247,0.3588627392996414,0.3402058286784525,0.7278031744516438,0.44198612459417336,0.9
49.122807017543856,0.589740488130204,0.48520211334642693,0.3588627449063907,0.3402058358428831,0.7278031929726484,0.4419861532178117,0.9
49.62406015037594,0.589740489683511,0.4852021139633302,0.3588627455554207,0.34020583668239074,0.7278031951424746,0.44198615659425433,0.9
50.125313283208015,0.5897405031483434,0.4852021185392964,0.35886275093153214,0.340205843545153,0.7278032128874597,0.4419861840070142,0.9
50.6265664160401,0.5897405136189536,0.48520212209435226,0.3588627551123308,0.34020584888008265,0.7278032266841916,0.4419862053185181,0.9
51.127819548872175,0.5897405194808734,0.48520212408910784,0.3588627574563513,0.34020585186930763,0.7278032344180541,0.44198621726451043,0.9
51.62907268170426,0.5897405207341023,0.4852021245235631,0.35886275796359374,0.340205852512828,0.7278032360890472,0.44198621984499126,0.9
52.130325814536334,0.5897405173786406,0.48520212339771807,0.3588627566340581,0.3402058508106437,0.7278032316971706,0.4419862130599606,0.9
52.63157894736842,0.5897405294057968,0.48520212750293173,0.3588627614582723,0.3402058569522967,0.7278032475975882,0.4419862376214112,0.9
53.1328320802005,0.5897405230776016,0.4852021253574402,0.35886275893082276,0.34020585372881507,0.7278032392630779,0.4419862247458863,0.9
53.63408521303258,0.5897405167494064,0.48520212321194867,0.3588627564033733,0.3402058505053335,0.7278032309285677,0.4419862118703613,0.9
54.13533834586466,0.5897405104212111,0.4852021210664571,0.3588627538759238,0.3402058472818518,0.7278032225940574,0.4419861989948364,0.9
54.63659147869674,0.5897405040930159,0.48520211892096554,0.35886275134847434,0.34020584405837023,0.7278032142595471,0.4419861861193114,0.9
55.13784461152882,0.5897404977648207,0.48520211677547403,0.3588627488210248,0.3402058408348886,0.7278032059250368,0.4419861732437865,0.9
55.639097744360896,0.5897404935629769,0.48520211535113994,0.3588627471427545,0.34020583869464627,0.7278032003911337,0.4419861646948858,0.9
56.14035087719298,0.5897404924987436,0.4852021149909346,0.3588627467175196,0.34020583815281474,0.7278031989897623,0.44198616253028367,0.9
56.64160401002506,0.5897404914345103,0.48520211463072915,0.3588627462922847,0.3402058376109832,0.727803197588391,0.44198616036568156,0.9
57.14285714285714,0.589740490370277,0.48520211427052373,0.35886274586704986,0.3402058370691517,0.7278031961870196,0.44198615820107945,0.9
57.64411027568922,0.5897404893060437,0.48520211391031837,0.35886274544181496,0.34020583652732017,0.7278031947856483,0.44198615603647734,0.9
58.1453634085213,0.5897404882418105,0.48520211355011295,0.35886274501658005,0.34020583598548865,0.7278031933842769,0.44198615387187523,0.9
58.64661654135338,0.5897404871775771,0.4852021131899076,0.35886274459134515,0.3402058354436571,0.7278031919829056,0.4419861517072731,0.9
59.14786967418546,0.5897404861133438,0.48520211282970216,0.35886274416611025,0.3402058349018256,0.7278031905815342,0.44198614954267107,0.9
59.64912280701754,0.5897404850491106,0.4852021124694968,0.3588627437408754,0.3402058343599941,0.7278031891801628,0.44198614737806896,0.9
60.150375939849624,0.5897404839848772,0.4852021121092914,0.3588627433156405,0.34020583381816255,0.7278031877787915,0.44198614521346685,0.9
60.6516290726817,0.589740482920644,0.48520211174908595,0.3588627428904056,0.340205833276331,0.72780318637742,0.44198614304886474,0.9
61.152882205513784,0.5897404818564107,0.4852021113888806,0.3588627424651707,0.3402058327344995,0.7278031849760487,0.44198614088426263,0.9
61.65413533834586,0.5897404807921773,0.48520211102867516,0.35886274203993584,0.3402058321926679,0.7278031835746773,0.4419861387196605,0.9
62.15538847117794,0.5897404797279441,0.4852021106684698,0.35886274161470094,0.3402058316508364,0.727803182173306,0.4419861365550584,0.9
62.65664160401002,0.5897404786637108,0.4852021103082644,0.35886274118946604,0.3402058311090049,0.7278031807719346,0.4419861343904563,0.9
63.1578947368421,0.5897404775994776,0.485202109948059,0.35886274076423114,0.34020583056717335,0.7278031793705633,0.4419861322258542,0.9
63.65914786967418,0.5897404765352442,0.4852021095878536,0.3588627403389963,0.3402058300253418,0.7278031779691919,0.4419861300612521,0.9
64.16040100250626,0.5897404754710109,0.4852021092276482,0.3588627399137614,0.3402058294835103,0.7278031765678206,0.44198612789665,0.9
64.66165413533834,0.5897404744067777,0.4852021088674428,0.3588627394885265,0.3402058289416788,0.7278031751664492,0.44198612573204793,0.9
65.16290726817043,0.5897404733425443,0.4852021085072374,0.3588627390632916,0.34020582839984725,0.7278031737650779,0.4419861235674458,0.9
65.6641604010025,0.5897404722783111,0.485202108147032,0.3588627386380567,0.34020582785801573,0.7278031723637065,0.4419861214028437,0.9
66.16541353383458,0.5897404712140778,0.4852021077868266,0.35886273821282183,0.3402058273161842,0.7278031709623352,0.4419861192382416,0.9
66.66666666666666,0.5897404701498444,0.48520210742662123,0.3588627377875869,0.3402058267743527,0.7278031695609638,0.4419861170736395,0.9
67.16791979949875,0.5897404690856112,0.4852021070664158,0.358862737362352,0.34020582623252116,0.7278031681595925,0.4419861149090374,0.9
67.66917293233082,0.5897404680213779,0.48520210670621045,0.3588627369371171,0.34020582569068963,0.7278031667582211,0.4419861127444353,0.9
68.1704260651629,0.5897404669571445,0.485202106346005,0.3588627365118823,0.3402058251488581,0.7278031653568497,0.44198611057983317,0.9
68.67167919799499,0.5897404658929113,0.4852021059857996,0.35886273608664737,0.3402058246070266,0.7278031639554784,0.44198610841523106,0.9
69.17293233082707,0.5897404653878326,0.4852021058148589,0.35886273588483125,0.3402058243498813,0.7278031632904034,0.441986107387939,0.9
69.67418546365914,0.5897404652089037,0.4852021057543145,0.3588627358133334,0.34020582425879103,0.7278031630548034,0.4419861070240295,0.9
70.17543859649122,0.5897404650299748,0.4852021056937701,0.3588627357418355,0.34020582416770073,0.7278031628192035,0.44198610666012,0.9
70.67669172932331,0.5897404648510458,0.48520210563322563,0.3588627356703376,0.34020582407661043,0.7278031625836036,0.44198610629621055,0.9
71.17794486215539,0.5897404646721169,0.48520210557268123,0.35886273559883974,0.34020582398552013,0.7278031623480036,0.44198610593230103,0.9
71.67919799498746,0.589740464493188,0.4852021055121368,0.3588627355273419,0.3402058238944299,0.7278031621124037,0.4419861055683915,0.9
72.18045112781954,0.5897404643142591,0.4852021054515924,0.35886273545584396,0.3402058238033396,0.7278031618768037,0.44198610520448206,0.9
72.68170426065163,0.5897404641353301,0.48520210539104797,0.3588627353843461,0.3402058237122493,0.7278031616412037,0.44198610484057255,0.9
73.1829573934837,0.5897404639564012,0.48520210533050356,0.35886273531284824,0.34020582362115903,0.7278031614056037,0.4419861044766631,0.9
73.68421052631578,0.5897404637774722,0.48520210526995916,0.3588627352413503,0.34020582353006873,0.7278031611700039,0.4419861041127536,0.9
74.18546365914787,0.5897404635985433,0.48520210520941476,0.35886273516985245,0.3402058234389784,0.7278031609344039,0.44198610374884406,0.9
74.68671679197995,0.5897404634196144,0.4852021051488703,0.35886273509835453,0.3402058233478881,0.7278031606988039,0.4419861033849346,0.9
75.18796992481202,0.5897404632406854,0.4852021050883259,0.35886273502685667,0.3402058232567979,0.7278031604632039,0.4419861030210251,0.9
75.6892230576441,0.5897404630617565,0.4852021050277815,0.3588627349553588,0.3402058231657076,0.727803160227604,0.44198610265711563,0.9
76.19047619047619,0.5897404628828276,0.4852021049672371,0.3588627348838609,0.3402058230746173,0.7278031599920041,0.4419861022932061,0.9
76.69172932330827,0.5897404627038987,0.48520210490669263,0.358862734812363,0.340205822983527,0.7278031597564041,0.4419861019292966,0.9
77.19298245614034,0.5897404625249697,0.48520210484614823,0.35886273474086516,0.3402058228924367,0.7278031595208041,0.44198610156538715,0.9
77.69423558897243,0.5897404623460408,0.4852021047856038,0.35886273466936724,0.3402058228013464,0.7278031592852042,0.44198610120147763,0.9
78.19548872180451,0.5897404621671118,0.4852021047250594,0.3588627345978694,0.3402058227102561,0.7278031590496042,0.4419861008375682,0.9
78.69674185463658,0.589740461988183,0.48520210466451497,0.3588627345263715,0.3402058226191658,0.7278031588140043,0.44198610047365866,0.9
79.19799498746866,0.589740461809254,0.48520210460397056,0.3588627344548736,0.3402058225280756,0.7278031585784043,0.44198610010974915,0.9
79.69924812030075,0.5897404616303251,0.48520210454342616,0.35886273438337574,0.3402058224369853,0.7278031583428044,0.4419860997458397,0.9
80.20050125313283,0.5897404614513961,0.48520210448288176,0.3588627343118778,0.34020582234589497,0.7278031581072044,0.4419860993819302,0.9
80.7017543859649,0.5897404612724672,0.4852021044223373,0.35886273424037995,0.34020582225480467,0.7278031578716044,0.4419860990180207,0.9
81.203007518797,0.5897404610935383,0.4852021043617929,0.3588627341688821,0.3402058221637144,0.7278031576360044,0.4419860986541112,0.9
81.70426065162907,0.5897404609146093,0.4852021043012485,0.3588627340973842,0.3402058220726241,0.7278031574004046,0.4419860982902017,0.9
82.20551378446115,0.5897404607356804,0.4852021042407041,0.3588627340258863,0.3402058219815338,0.7278031571648046,0.44198609792629223,0.9
82.70676691729322,0.5897404607058213,0.4852021042306007,0.35886273401395496,0.3402058219663331,0.7278031571254886,0.4419860978655644,0.9
83.20802005012531,0.5897404607003814,0.4852021042287601,0.35886273401178126,0.34020582196356375,0.7278031571183259,0.4419860978545008,0.9
83.70927318295739,0.5897404606949416,0.48520210422691945,0.35886273400960755,0.3402058219607944,0.7278031571111633,0.4419860978434372,0.9
84.21052631578947,0.5897404606895017,0.4852021042250788,0.3588627340074338,0.34020582195802507,0.7278031571040006,0.4419860978323736,0.9
84.71177944862156,0.5897404606840617,0.48520210422323823,0.3588627340052601,0.3402058219552557,0.7278031570968378,0.44198609782131,0.9
85.21303258145363,0.5897404606786218,0.4852021042213976,0.3588627340030864,0.34020582195248644,0.7278031570896752,0.4419860978102464,0.9
85.71428571428571,0.589740460673182,0.48520210421955695,0.3588627340009127,0.3402058219497171,0.7278031570825125,0.44198609779918274,0.9
86.21553884711778,0.5897404606677421,0.4852021042177163,0.3588627339987389,0.34020582194694776,0.7278031570753499,0.44198609778811915,0.9
86.71679197994987,0.5897404606623021,0.48520210421587573,0.3588627339965652,0.3402058219441784,0.7278031570681872,0.44198609777705555,0.9
87.21804511278195,0.5897404606568623,0.4852021042140351,0.3588627339943915,0.3402058219414091,0.7278031570610245,0.44198609776599196,0.9
87.71929824561403,0.5897404606514224,0.48520210421219445,0.3588627339922178,0.3402058219386398,0.7278031570538619,0.4419860977549283,0.9
88.22055137844612,0.5897404606459825,0.48520210421035387,0.35886273399004404,0.34020582193587046,0.7278031570466992,0.4419860977438647,0.9
88.7218045112782,0.5897404606405425,0.48520210420851323,0.35886273398787033,0.3402058219331011,0.7278031570395366,0.4419860977328011,0.9
89.22305764411027,0.5897404606351027,0.4852021042066726,0.3588627339856966,0.3402058219303318,0.7278031570323739,0.4419860977217375,0.9
89.72431077694235,0.5897404606296628,0.485202104204832,0.3588627339835229,0.3402058219275625,0.7278031570252111,0.44198609771067393,0.9
90.22556390977444,0.5897404606242229,0.48520210420299137,0.35886273398134916,0.34020582192479315,0.7278031570180485,0.4419860976996103,0.9
90.72681704260651,0.5897404606187829,0.48520210420115073,0.35886273397917545,0.3402058219220238,0.7278031570108858,0.4419860976885467,0.9
91.22807017543859,0.5897404606133431,0.48520210419931015,0.35886273397700175,0.34020582191925447,0.7278031570037232,0.4419860976774831,0.9
91.72932330827066,0.5897404606079032,0.4852021041974695,0.35886273397482804,0.34020582191648513,0.7278031569965605,0.4419860976664195,0.9
92.23057644110276,0.5897404606024633,0.48520210419562887,0.35886273397265434,0.34020582191371584,0.7278031569893978,0.44198609765535585,0.9
92.73182957393483,0.5897404605970233,0.48520210419378823,0.3588627339704806,0.3402058219109465,0.7278031569822352,0.44198609764429225,0.9
93.23308270676691,0.5897404605915835,0.48520210419194765,0.35886273396830687,0.34020582190817716,0.7278031569750725,0.44198609763322866,0.9
93.734335839599,0.5897404605861436,0.485202104190107,0.35886273396613316,0.3402058219054078,0.7278031569679099,0.44198609762216506,0.9
94.23558897243107,0.5897404605807037,0.48520210418826637,0.35886273396395946,0.3402058219026385,0.7278031569607472,0.4419860976111014,0.9
94.73684210526315,0.5897404605752637,0.4852021041864258,0.3588627339617857,0.3402058218998692,0.7278031569535844,0.4419860976000378,0.9
95.23809523809523,0.5897404605698239,0.48520210418458515,0.358862733959612,0.34020582189709986,0.7278031569464218,0.4419860975889742,0.9
95.73934837092732,0.589740460564384,0.4852021041827445,0.3588627339574383,0.3402058218943305,0.7278031569392591,0.44198609757791063,0.9
96.2406015037594,0.5897404605589441,0.4852021041809039,0.3588627339552646,0.3402058218915612,0.7278031569320965,0.441986097566847,0.9
96.74185463659147,0.5897404605535042,0.4852021041790633,0.3588627339530908,0.34020582188879184,0.7278031569249338,0.4419860975557834,0.9
97.24310776942356,0.5897404605480643,0.48520210417722265,0.3588627339509171,0.34020582188602255,0.7278031569177711,0.4419860975447198,0.9
97.74436090225564,0.5897404605426244,0.48520210417538207,0.3588627339487434,0.3402058218832532,0.7278031569106085,0.4419860975336562,0.9
98.24561403508771,0.5897404605371845,0.4852021041735414,0.3588627339465697,0.34020582188048387,0.7278031569034458,0.4419860975225926,0.9
98.74686716791979,0.5897404605317446,0.4852021041717008,0.35886273394439594,0.34020582187771453,0.7278031568962832,0.44198609751152895,0.9
99.24812030075188,0.5897404605263047,0.48520210416986015,0.35886273394222223,0.3402058218749452,0.7278031568891205,0.44198609750046536,0.9
99.74937343358395,0.5897404605208648,0.48520210416801957,0.35886273394004853,0.3402058218721759,0.7278031568819577,0.44198609748940176,0.9
100.25062656641603,0.589740460515425,0.4852021041661789,0.3588627339378748,0.34020582186940657,0.7278031568747951,0.44198609747833817,0.9
100.75187969924812,0.589740460509985,0.4852021041643383,0.35886273393570106,0.3402058218666372,0.7278031568676324,0.4419860974672745,0.9
101.2531328320802,0.5897404605045451,0.4852021041624977,0.35886273393352736,0.3402058218638679,0.7278031568604698,0.4419860974562109,0.9
101.75438596491227,0.5897404604991052,0.48520210416065707,0.35886273393135365,0.34020582186109855,0.7278031568533071,0.44198609744514733,0.9
102.25563909774435,0.5897404604936654,0.4852021041588164,0.35886273392917994,0.34020582185832926,0.7278031568461444,0.44198609743408374,0.9
102.75689223057644,0.5897404604882254,0.48520210415697584,0.3588627339270062,0.3402058218555599,0.7278031568389818,0.4419860974230201,0.9
103.25814536340852,0.5897404604827855,0.4852021041551352,0.3588627339248325,0.3402058218527906,0.7278031568318191,0.4419860974119565,0.9
103.75939849624059,0.5897404604773456,0.48520210415329457,0.35886273392265877,0.34020582185002124,0.7278031568246565,0.4419860974008929,0.9
104.26065162907267,0.5897404604719058,0.48520210415145393,0.35886273392048507,0.34020582184725195,0.7278031568174937,0.4419860973898293,0.9
104.76190476190476,0.5897404604664658,0.48520210414961334,0.3588627339183113,0.3402058218444826,0.727803156810331,0.44198609737876565,0.9
105.26315789473684,0.5897404604610259,0.4852021041477727,0.3588627339161376,0.3402058218417133,0.7278031568031684,0.44198609736770206,0.9
105.76441102756891,0.589740460455586,0.48520210414593207,0.3588627339139639,0.34020582183894393,0.7278031567960057,0.44198609735663846,0.9
106.265664160401,0.5897404604501462,0.4852021041440915,0.3588627339117902,0.3402058218361746,0.7278031567888431,0.44198609734557487,0.9
106.76691729323308,0.5897404604447062,0.48520210414225085,0.3588627339096164,0.3402058218334053,0.7278031567816804,0.4419860973345113,0.9
107.26817042606515,0.5897404604392663,0.4852021041404102,0.3588627339074427,0.34020582183063597,0.7278031567745177,0.4419860973234476,0.9
107.76942355889723,0.5897404604338264,0.4852021041385696,0.358862733905269,0.34020582182786663,0.7278031567673551,0.44198609731238403,0.9
108.27067669172932,0.5897404604283866,0.485202104136729,0.3588627339030953,0.3402058218250973,0.7278031567601924,0.44198609730132044,0.9
108.7719298245614,0.5897404604229466,0.48520210413488835,0.3588627339009216,0.34020582182232795,0.7278031567530298,0.44198609729025684,0.9
109.27318295739347,0.5897404604175067,0.48520210413304776,0.35886273389874784,0.34020582181955866,0.727803156745867,0.4419860972791932,0.9
109.77443609022556,0.5897404604120668,0.4852021041312071,0.35886273389657414,0.3402058218167893,0.7278031567387043,0.4419860972681296,0.9
110.27568922305764,0.589740460406627,0.4852021041293665,0.35886273389440043,0.34020582181402,0.7278031567315417,0.441986097257066,0.9
110.77694235588972,0.589740460401187,0.48520210412752585,0.3588627338922267,0.34020582181125064,0.727803156724379,0.4419860972460024,0.9
111.27819548872179,0.5897404603957471,0.48520210412568526,0.35886273389005297,0.3402058218084813,0.7278031567172164,0.44198609723493876,0.9
111.77944862155388,0.5897404603903073,0.4852021041238446,0.35886273388787926,0.340205821805712,0.7278031567100537,0.44198609722387516,0.9
112.28070175438596,0.5897404603848674,0.485202104122004,0.35886273388570555,0.3402058218029427,0.727803156702891,0.44198609721281157,0.9
112.78195488721803,0.5897404603794274,0.4852021041201634,0.35886273388353185,0.34020582180017334,0.7278031566957284,0.441986097201748,0.9
113.28320802005013,0.5897404603739875,0.48520210411832276,0.3588627338813581,0.340205821797404,0.7278031566885657,0.4419860971906843,0.9
113.7844611528822,0.5897404603685477,0.4852021041164821,0.3588627338791844,0.34020582179463466,0.727803156681403,0.44198609717962073,0.9
114.28571428571428,0.5897404603631078,0.48520210411464154,0.3588627338770107,0.34020582179186537,0.7278031566742403,0.44198609716855713,0.9
114.78696741854635,0.5897404603576678,0.4852021041128009,0.35886273387483697,0.34020582178909603,0.7278031566670776,0.44198609715749354,0.9
115.28822055137844,0.5897404603522279,0.48520210411096026,0.3588627338726632,0.3402058217863267,0.727803156659915,0.44198609714642995,0.9
115.78947368421052,0.5897404603467881,0.4852021041091197,0.3588627338704895,0.34020582178355735,0.7278031566527523,0.4419860971353663,0.9
116.2907268170426,0.5897404603413482,0.48520210410727904,0.3588627338683158,0.340205821780788,0.7278031566455897,0.4419860971243027,0.9
116.79197994987469,0.5897404603359082,0.4852021041054384,0.3588627338661421,0.3402058217780187,0.727803156638427,0.4419860971132391,0.9
117.29323308270676,0.5897404603304683,0.48520210410359776,0.35886273386396833,0.3402058217752494,0.7278031566312643,0.4419860971021755,0.9
117.79448621553884,0.5897404603250285,0.4852021041017572,0.3588627338617946,0.34020582177248004,0.7278031566241017,0.44198609709111186,0.9
118.29573934837092,0.5897404603195886,0.48520210409991654,0.3588627338596209,0.3402058217697107,0.727803156616939,0.44198609708004827,0.9
118.796992481203,0.5897404603141486,0.4852021040980759,0.3588627338574472,0.3402058217669414,0.7278031566097763,0.4419860970689847,0.9
119.29824561403508,0.5897404603087087,0.4852021040962353,0.35886273385527345,0.3402058217641721,0.7278031566026136,0.4419860970579211,0.9
119.79949874686716,0.5897404603032689,0.4852021040943947,0.35886273385309975,0.34020582176140274,0.7278031565954509,0.44198609704685743,0.9
120.30075187969925,0.589740460297829,0.48520210409255404,0.35886273385092604,0.3402058217586334,0.7278031565882883,0.44198609703579383,0.9
120.80200501253132,0.589740460292389,0.48520210409071346,0.35886273384875234,0.34020582175586406,0.7278031565811256,0.44198609702473024,0.9
121.3032581453634,0.5897404602869492,0.4852021040888728,0.3588627338465786,0.3402058217530948,0.727803156573963,0.44198609701366665,0.9
121.80451127819548,0.5897404602815093,0.4852021040870322,0.35886273384440487,0.34020582175032543,0.7278031565668003,0.441986097002603,0.9
122.30576441102757,0.5897404602760694,0.48520210408519154,0.35886273384223116,0.3402058217475561,0.7278031565596376,0.4419860969915394,0.9
122.80701754385964,0.5897404602706294,0.48520210408335096,0.35886273384005746,0.34020582174478675,0.727803156552475,0.4419860969804758,0.9
123.30827067669172,0.5897404602651896,0.4852021040815103,0.35886273383788375,0.3402058217420174,0.7278031565453122,0.4419860969694122,0.9
123.8095238095238,0.5897404602597497,0.4852021040796697,0.35886273383571,0.3402058217392481,0.7278031565381496,0.4419860969583486,0.9
124.31077694235589,0.5897404602543098,0.4852021040778291,0.3588627338335363,0.3402058217364788,0.7278031565309869,0.44198609694728497,0.9
124.81203007518796,0.5897404602488698,0.48520210407598846,0.3588627338313626,0.34020582173370945,0.7278031565238242,0.4419860969362214,0.9
125.31328320802004,0.58974046024343,0.4852021040741478,0.3588627338291889,0.3402058217309401,0.7278031565166616,0.4419860969251578,0.9
125.81453634085213,0.5897404602379901,0.48520210407230724,0.3588627338270151,0.34020582172817077,0.7278031565094989,0.4419860969140942,0.9
126.3157894736842,0.5897404602325502,0.4852021040704666,0.3588627338248414,0.3402058217254015,0.7278031565023363,0.44198609690303053,0.9
126.81704260651628,0.5897404602271102,0.48520210406862596,0.3588627338226677,0.34020582172263214,0.7278031564951736,0.44198609689196694,0.9
127.31829573934836,0.5897404602216704,0.4852021040667854,0.358862733820494,0.3402058217198628,0.7278031564880109,0.44198609688090335,0.9
127.81954887218045,0.5897404602162305,0.48520210406494474,0.35886273381832023,0.34020582171709346,0.7278031564808483,0.44198609686983975,0.9
128.32080200501252,0.5897404602107906,0.4852021040631041,0.35886273381614653,0.3402058217143241,0.7278031564736855,0.4419860968587761,0.9
128.82205513784461,0.5897404602053506,0.48520210406126346,0.3588627338139728,0.34020582171155483,0.7278031564665229,0.4419860968477125,0.9
129.32330827067668,0.5897404601999108,0.4852021040594229,0.3588627338117991,0.3402058217087855,0.7278031564593602,0.4419860968366489,0.9
129.82456140350877,0.5897404601944709,0.48520210405758224,0.35886273380962536,0.34020582170601615,0.7278031564521975,0.4419860968255853,0.9
130.32581453634086,0.589740460189031,0.4852021040557416,0.35886273380745165,0.3402058217032468,0.7278031564450349,0.44198609681452167,0.9
130.82706766917292,0.589740460183591,0.485202104053901,0.35886273380527794,0.3402058217004775,0.7278031564378722,0.4419860968034581,0.9
131.328320802005,0.5897404601781512,0.4852021040520604,0.35886273380310424,0.3402058216977082,0.7278031564307096,0.4419860967923945,0.9
131.82957393483707,0.5897404601727113,0.48520210405021974,0.3588627338009305,0.34020582169493885,0.7278031564235469,0.4419860967813309,0.9
132.33082706766916,0.5897404601672714,0.48520210404837916,0.3588627337987568,0.3402058216921695,0.7278031564163842,0.4419860967702673,0.9
132.83208020050125,0.5897404601618315,0.4852021040465385,0.35886273379658307,0.34020582168940017,0.7278031564092216,0.44198609675920364,0.9
133.33333333333331,0.5897404601563916,0.4852021040446979,0.35886273379440936,0.3402058216866309,0.7278031564020588,0.44198609674814004,0.9
133.8345864661654,0.5897404601509517,0.4852021040428573,0.3588627337922356,0.34020582168386154,0.7278031563948962,0.44198609673707645,0.9
134.3358395989975,0.5897404601455118,0.48520210404101666,0.3588627337900619,0.3402058216810922,0.7278031563877335,0.44198609672601286,0.9
134.83709273182956,0.5897404601400719,0.485202104039176,0.3588627337878882,0.34020582167832286,0.7278031563805708,0.4419860967149492,0.9
135.33834586466165,0.589740460134632,0.4852021040373354,0.3588627337857145,0.3402058216755535,0.7278031563734082,0.4419860967038856,0.9
135.83959899749374,0.5897404601291921,0.4852021040354948,0.3588627337835407,0.34020582167278424,0.7278031563662455,0.441986096692822,0.9
136.3408521303258,0.5897404601237523,0.48520210403365416,0.358862733781367,0.3402058216700149,0.7278031563590829,0.4419860966817584,0.9
136.8421052631579,0.5897404601183123,0.4852021040318135,0.3588627337791933,0.34020582166724556,0.7278031563519202,0.4419860966706948,0.9
137.34335839598998,0.5897404601128724,0.48520210402997294,0.3588627337770196,0.3402058216644762,0.7278031563447575,0.4419860966596312,0.9
137.84461152882204,0.5897404601074325,0.4852021040281323,0.3588627337748459,0.3402058216617069,0.7278031563375948,0.4419860966485676,0.9
138.34586466165413,0.5897404601019927,0.48520210402629166,0.35886273377267214,0.3402058216589376,0.7278031563304321,0.441986096637504,0.9
138.8471177944862,0.5897404600965527,0.4852021040244511,0.35886273377049843,0.34020582165616825,0.7278031563232695,0.44198609662644034,0.9
139.34837092731829,0.5897404600911128,0.48520210402261044,0.3588627337683247,0.3402058216533989,0.7278031563161068,0.44198609661537674,0.9
139.84962406015038,0.5897404600856729,0.4852021040207698,0.358862733766151,0.34020582165062957,0.7278031563089441,0.44198609660431315,0.9
140.35087719298244,0.5897404600802331,0.48520210401892916,0.35886273376397726,0.34020582164786023,0.7278031563017815,0.44198609659324956,0.9
140.85213032581453,0.5897404600747931,0.4852021040170886,0.35886273376180355,0.34020582164509094,0.7278031562946188,0.44198609658218596,0.9
141.35338345864662,0.5897404600693532,0.48520210401524794,0.35886273375962985,0.3402058216423216,0.7278031562874562,0.4419860965711223,0.9
141.85463659147868,0.5897404600639133,0.4852021040134073,0.35886273375745614,0.34020582163955226,0.7278031562802935,0.4419860965600587,0.9
142.35588972431077,0.5897404600584735,0.4852021040115667,0.3588627337552824,0.3402058216367829,0.7278031562731307,0.4419860965489951,0.9
142.85714285714286,0.5897404600530335,0.4852021040097261,0.3588627337531087,0.3402058216340136,0.7278031562659681,0.4419860965379315,0.9
143.35839598997492,0.5897404600475936,0.48520210400788544,0.35886273375093497,0.3402058216312443,0.7278031562588054,0.4419860965268679,0.9
143.859649122807,0.5897404600421537,0.48520210400604485,0.35886273374876126,0.34020582162847496,0.7278031562516428,0.4419860965158043,0.9
144.36090225563908,0.5897404600367139,0.4852021040042042,0.3588627337465875,0.3402058216257056,0.7278031562444801,0.4419860965047407,0.9
144.86215538847117,0.5897404600312739,0.4852021040023636,0.3588627337444138,0.3402058216229363,0.7278031562373174,0.4419860964936771,0.9
145.36340852130326,0.589740460025834,0.485202104000523,0.3588627337422401,0.34020582162016694,0.7278031562301548,0.44198609648261344,0.9
145.86466165413532,0.5897404600203942,0.48520210399868235,0.3588627337400664,0.34020582161739765,0.7278031562229921,0.44198609647154985,0.9
146.3659147869674,0.5897404600149543,0.4852021039968417,0.3588627337378926,0.3402058216146283,0.7278031562158295,0.44198609646048626,0.9
146.8671679197995,0.5897404600095143,0.4852021039950011,0.3588627337357189,0.34020582161185897,0.7278031562086668,0.44198609644942266,0.9
147.36842105263156,0.5897404600040744,0.4852021039931605,0.3588627337335452,0.34020582160908963,0.727803156201504,0.441986096438359,0.9
147.86967418546365,0.5897404599986346,0.48520210399131986,0.3588627337313715,0.34020582160632035,0.7278031561943414,0.4419860964272954,0.9
148.37092731829574,0.5897404599931947,0.4852021039894792,0.35886273372919775,0.340205821603551,0.7278031561871787,0.4419860964162318,0.9
148.8721804511278,0.5897404599877547,0.48520210398763863,0.35886273372702404,0.34020582160078167,0.7278031561800161,0.4419860964051682,0.9
149.3734335839599,0.5897404599823148,0.485202103985798,0.35886273372485034,0.3402058215980123,0.7278031561728534,0.44198609639410463,0.9
149.87468671679198,0.589740459976875,0.48520210398395736,0.35886273372267663,0.340205821595243,0.7278031561656907,0.441986096383041,0.9
150.37593984962405,0.5897404599714351,0.4852021039821168,0.35886273372050287,0.3402058215924737,0.7278031561585281,0.4419860963719774,0.9
150.87719298245614,0.5897404599659951,0.48520210398027613,0.35886273371832916,0.34020582158970436,0.7278031561513654,0.4419860963609138,0.9
151.3784461152882,0.5897404599605552,0.4852021039784355,0.35886273371615546,0.340205821586935,0.7278031561442028,0.4419860963498502,0.9
151.8796992481203,0.5897404599551154,0.4852021039765949,0.35886273371398175,0.3402058215841657,0.72780315613704,0.44198609633878655,0.9
152.38095238095238,0.5897404599496755,0.4852021039747543,0.35886273371180805,0.34020582158139634,0.7278031561298773,0.44198609632772295,0.9
152.88220551378444,0.5897404599442355,0.48520210397291363,0.3588627337096343,0.34020582157862705,0.7278031561227147,0.44198609631665936,0.9
153.38345864661653,0.5897404599387956,0.485202103971073,0.3588627337074606,0.3402058215758577,0.727803156115552,0.44198609630559577,0.9
153.88471177944862,0.5897404599333558,0.4852021039692324,0.3588627337052869,0.3402058215730884,0.7278031561083894,0.4419860962945321,0.9
154.38596491228068,0.5897404599279159,0.4852021039673918,0.35886273370311317,0.34020582157031903,0.7278031561012267,0.4419860962834685,0.9
154.88721804511277,0.5897404599224759,0.48520210396555113,0.3588627337009394,0.3402058215675497,0.727803156094064,0.4419860962724049,0.9
155.38847117794487,0.589740459917036,0.48520210396371055,0.3588627336987657,0.3402058215647804,0.7278031560869014,0.44198609626134133,0.9
155.88972431077693,0.5897404599115962,0.4852021039618699,0.358862733696592,0.34020582156201107,0.7278031560797387,0.4419860962502777,0.9
156.39097744360902,0.5897404599061563,0.4852021039600293,0.3588627336944183,0.34020582155924173,0.727803156072576,0.4419860962392141,0.9
156.8922305764411,0.5897404599007163,0.4852021039581887,0.35886273369224453,0.3402058215564724,0.7278031560654133,0.4419860962281505,0.9
157.39348370927317,0.5897404598952765,0.48520210395634805,0.3588627336900708,0.34020582155370305,0.7278031560582506,0.4419860962170869,0.9
157.89473684210526,0.5897404598898366,0.4852021039545074,0.3588627336878971,0.34020582155093376,0.727803156051088,0.4419860962060233,0.9
158.39598997493732,0.5897404598843967,0.4852021039526668,0.3588627336857234,0.3402058215481644,0.7278031560439253,0.44198609619495965,0.9
158.8972431077694,0.5897404598789567,0.4852021039508262,0.35886273368354965,0.3402058215453951,0.7278031560367626,0.44198609618389606,0.9
159.3984962406015,0.5897404598735169,0.48520210394898555,0.35886273368137594,0.34020582154262574,0.7278031560296,0.44198609617283247,0.9
159.89974937343356,0.589740459868077,0.4852021039471449,0.35886273367920224,0.3402058215398564,0.7278031560224373,0.44198609616176887,0.9
160.40100250626566,0.5897404598626371,0.48520210394530433,0.35886273367702853,0.3402058215370871,0.7278031560152747,0.4419860961507052,0.9
160.90225563909775,0.5897404598571971,0.4852021039434637,0.3588627336748548,0.3402058215343178,0.727803156008112,0.4419860961396416,0.9
161.4035087719298,0.5897404598517573,0.48520210394162305,0.35886273367268107,0.34020582153154844,0.7278031560009492,0.44198609612857803,0.9
161.9047619047619,0.5897404598463174,0.48520210393978247,0.35886273367050736,0.3402058215287791,0.7278031559937866,0.44198609611751444,0.9
162.406015037594,0.5897404598408775,0.48520210393794183,0.35886273366833366,0.3402058215260098,0.7278031559866239,0.4419860961064508,0.9
162.90726817042605,0.5897404598354375,0.4852021039361012,0.3588627336661599,0.34020582152324047,0.7278031559794613,0.4419860960953872,0.9
163.40852130325814,0.5897404598299977,0.4852021039342606,0.3588627336639862,0.34020582152047113,0.7278031559722986,0.4419860960843236,0.9
163.9097744360902,0.5897404598245578,0.48520210393241997,0.3588627336618125,0.3402058215177018,0.7278031559651359,0.44198609607326,0.9
164.4110275689223,0.5897404598191179,0.48520210393057933,0.3588627336596388,0.34020582151493245,0.7278031559579733,0.44198609606219635,0.9
164.91228070175438,0.589740459813678,0.4852021039287387,0.358862733657465,0.34020582151216316,0.7278031559508106,0.44198609605113276,0.9
165.41353383458645,0.5897404598082381,0.4852021039268981,0.3588627336552913,0.3402058215093938,0.727803155943648,0.44198609604006917,0.9
165.91478696741854,0.5897404598027982,0.48520210392505747,0.3588627336531176,0.3402058215066245,0.7278031559364853,0.44198609602900557,0.9
166.41604010025063,0.5897404597973583,0.48520210392321683,0.3588627336509439,0.34020582150385514,0.7278031559293225,0.441986096017942,0.9
166.9172932330827,0.5897404597919184,0.48520210392137625,0.35886273364877014,0.3402058215010858,0.7278031559221599,0.4419860960068783,0.9
167.41854636591478,0.5897404597864785,0.4852021039195356,0.35886273364659643,0.3402058214983165,0.7278031559149972,0.44198609599581473,0.9
167.91979949874687,0.5897404597810386,0.48520210391769497,0.3588627336444227,0.3402058214955472,0.7278031559078346,0.44198609598475114,0.9
168.42105263157893,0.5897404597755987,0.4852021039158544,0.358862733642249,0.34020582149277784,0.7278031559006719,0.44198609597368754,0.9
168.92230576441102,0.5897404597717493,0.4852021039145519,0.3588627336407108,0.3402058214908181,0.7278031558956034,0.4419860959658585,0.9
169.4235588972431,0.5897404597715838,0.4852021039144959,0.3588627336406447,0.3402058214907339,0.7278031558953856,0.44198609596552213,0.9
169.92481203007517,0.5897404597714184,0.48520210391443996,0.35886273364057863,0.3402058214906497,0.7278031558951679,0.44198609596518573,0.9
170.42606516290726,0.589740459771253,0.48520210391438395,0.3588627336405125,0.3402058214905655,0.72780315589495,0.44198609596484933,0.9
170.92731829573933,0.5897404597710876,0.485202103914328,0.35886273364044646,0.34020582149048134,0.7278031558947323,0.44198609596451294,0.9
171.42857142857142,0.5897404597709222,0.48520210391427204,0.35886273364038035,0.34020582149039713,0.7278031558945145,0.44198609596417654,0.9
171.9298245614035,0.5897404597707567,0.4852021039142161,0.35886273364031424,0.3402058214903129,0.7278031558942968,0.44198609596384014,0.9
172.43107769423557,0.5897404597705914,0.48520210391416013,0.3588627336402482,0.3402058214902287,0.727803155894079,0.44198609596350374,0.9
172.93233082706766,0.589740459770426,0.4852021039141041,0.35886273364018206,0.3402058214901445,0.7278031558938612,0.44198609596316735,0.9
173.43358395989975,0.5897404597702606,0.48520210391404817,0.35886273364011595,0.3402058214900603,0.7278031558936434,0.44198609596283095,0.9
173.9348370927318,0.5897404597700951,0.4852021039139922,0.3588627336400499,0.34020582148997613,0.7278031558934257,0.44198609596249455,0.9
174.4360902255639,0.5897404597699297,0.48520210391393626,0.3588627336399838,0.3402058214898919,0.7278031558932079,0.44198609596215815,0.9
174.937343358396,0.5897404597697643,0.48520210391388024,0.35886273363991766,0.3402058214898077,0.7278031558929902,0.44198609596182176,0.9
175.43859649122805,0.5897404597695989,0.4852021039138243,0.3588627336398516,0.3402058214897235,0.7278031558927723,0.44198609596148536,0.9
175.93984962406014,0.5897404597694335,0.48520210391376833,0.3588627336397855,0.3402058214896393,0.7278031558925546,0.44198609596114896,0.9
176.44110275689223,0.589740459769268,0.4852021039137124,0.3588627336397194,0.3402058214895551,0.7278031558923368,0.44198609596081256,0.9
176.9423558897243,0.5897404597691027,0.4852021039136564,0.3588627336396533,0.3402058214894709,0.7278031558921191,0.44198609596047617,0.9
177.4436090225564,0.5897404597689373,0.4852021039136004,0.3588627336395872,0.3402058214893867,0.7278031558919013,0.44198609596013977,0.9
177.94486215538845,0.5897404597687719,0.48520210391354446,0.3588627336395211,0.3402058214893025,0.7278031558916835,0.44198609595980337,0.9
178.44611528822054,0.5897404597686065,0.4852021039134885,0.35886273363945503,0.3402058214892183,0.7278031558914657,0.441986095959467,0.9
178.94736842105263,0.589740459768441,0.48520210391343255,0.3588627336393889,0.3402058214891341,0.727803155891248,0.4419860959591306,0.9
179.4486215538847,0.5897404597682756,0.4852021039133766,0.3588627336393228,0.3402058214890499,0.7278031558910302,0.4419860959587942,0.9
179.94987468671678,0.5897404597681102,0.4852021039133206,0.35886273363925675,0.3402058214889657,0.7278031558908125,0.4419860959584578,0.9
180.45112781954887,0.5897404597679448,0.4852021039132646,0.35886273363919063,0.3402058214888815,0.7278031558905946,0.4419860959581214,0.9
180.95238095238093,0.5897404597677794,0.48520210391320867,0.3588627336391245,0.3402058214887973,0.7278031558903769,0.441986095957785,0.9
181.45363408521303,0.589740459767614,0.4852021039131527,0.35886273363905846,0.3402058214887131,0.7278031558901591,0.44198609595744864,0.9
181.95488721804512,0.5897404597674486,0.48520210391309676,0.35886273363899235,0.3402058214886289,0.7278031558899414,0.44198609595711225,0.9
182.45614035087718,0.5897404597672832,0.48520210391304075,0.35886273363892623,0.34020582148854467,0.7278031558897236,0.44198609595677585,0.9
182.95739348370927,0.5897404597671178,0.4852021039129848,0.3588627336388602,0.3402058214884605,0.7278031558895058,0.44198609595643945,0.9
183.45864661654133,0.5897404597669523,0.48520210391292884,0.35886273363879406,0.3402058214883763,0.727803155889288,0.44198609595610305,0.9
183.95989974937342,0.5897404597667869,0.4852021039128729,0.35886273363872795,0.3402058214882921,0.7278031558890703,0.44198609595576666,0.9
184.4611528822055,0.5897404597666215,0.48520210391281693,0.3588627336386619,0.3402058214882079,0.7278031558888525,0.44198609595543026,0.9
184.96240601503757,0.5897404597664562,0.4852021039127609,0.3588627336385958,0.34020582148812367,0.7278031558886348,0.44198609595509386,0.9
185.46365914786966,0.5897404597662907,0.48520210391270496,0.35886273363852966,0.34020582148803946,0.7278031558884169,0.44198609595475746,0.9
185.96491228070175,0.5897404597661253,0.485202103912649,0.3588627336384636,0.3402058214879553,0.7278031558881992,0.44198609595442107,0.9
186.46616541353382,0.5897404597659599,0.48520210391259305,0.3588627336383975,0.3402058214878711,0.7278031558879814,0.44198609595408467,0.9
186.9674185463659,0.5897404597657945,0.48520210391253704,0.3588627336383314,0.3402058214877869,0.7278031558877637,0.44198609595374827,0.9
187.468671679198,0.589740459765629,0.4852021039124811,0.3588627336382653,0.3402058214877027,0.7278031558875458,0.4419860959534119,0.9
187.96992481203006,0.5897404597654636,0.48520210391242513,0.3588627336381992,0.34020582148761846,0.7278031558873281,0.4419860959530755,0.9
188.47117794486215,0.5897404597652982,0.4852021039123692,0.3588627336381331,0.34020582148753425,0.7278031558871103,0.4419860959527391,0.9
188.97243107769424,0.5897404597651329,0.4852021039123132,0.35886273363806703,0.3402058214874501,0.7278031558868926,0.4419860959524027,0.9
189.4736842105263,0.5897404597649675,0.4852021039122572,0.3588627336380009,0.3402058214873659,0.7278031558866748,0.4419860959520663,0.9
189.9749373433584,0.589740459764802,0.48520210391220125,0.35886273363793486,0.3402058214872817,0.727803155886457,0.4419860959517299,0.9
190.47619047619045,0.5897404597646366,0.4852021039121453,0.35886273363786875,0.34020582148719747,0.7278031558862392,0.4419860959513935,0.9
190.97744360902254,0.5897404597644712,0.48520210391208934,0.35886273363780263,0.34020582148711326,0.7278031558860215,0.4419860959510571,0.9
191.47869674185463,0.5897404597643058,0.4852021039120334,0.3588627336377366,0.34020582148702905,0.7278031558858037,0.4419860959507207,0.9
191.9799498746867,0.5897404597641404,0.4852021039119774,0.35886273363767046,0.3402058214869449,0.727803155885586,0.4419860959503843,0.9
192.4812030075188,0.5897404597639749,0.4852021039119214,0.35886273363760435,0.3402058214868607,0.7278031558853681,0.4419860959500479,0.9
192.98245614035088,0.5897404597638096,0.48520210391186547,0.3588627336375383,0.34020582148677647,0.7278031558851504,0.4419860959497115,0.9
193.48370927318294,0.5897404597636442,0.4852021039118095,0.3588627336374722,0.34020582148669226,0.7278031558849326,0.4419860959493751,0.9
193.98496240601503,0.5897404597634788,0.48520210391175356,0.35886273363740606,0.34020582148660805,0.7278031558847149,0.4419860959490387,0.9
194.48621553884712,0.5897404597633134,0.48520210391169755,0.35886273363734,0.34020582148652384,0.7278031558844971,0.4419860959487023,0.9
194.98746867167918,0.5897404597631479,0.4852021039116416,0.3588627336372739,0.3402058214864397,0.7278031558842794,0.4419860959483659,0.9
195.48872180451127,0.5897404597629825,0.48520210391158564,0.3588627336372078,0.3402058214863555,0.7278031558840615,0.4419860959480295,0.9
195.98997493734333,0.5897404597628171,0.4852021039115297,0.3588627336371417,0.34020582148627126,0.7278031558838438,0.4419860959476931,0.9
196.49122807017542,0.5897404597626517,0.4852021039114737,0.3588627336370756,0.34020582148618705,0.727803155883626,0.4419860959473567,0.9
196.99248120300751,0.5897404597624862,0.4852021039114177,0.3588627336370095,0.34020582148610284,0.7278031558834083,0.4419860959470203,0.9
197.49373433583958,0.5897404597623209,0.48520210391136176,0.35886273363694343,0.34020582148601863,0.7278031558831904,0.4419860959466839,0.9
197.99498746867167,0.5897404597621555,0.4852021039113058,0.3588627336368773,0.3402058214859345,0.7278031558829727,0.4419860959463475,0.9
198.49624060150376,0.5897404597619901,0.48520210391124985,0.3588627336368112,0.34020582148585027,0.7278031558827549,0.4419860959460111,0.9
198.99749373433582,0.5897404597618247,0.4852021039111939,0.35886273363674515,0.34020582148576606,0.7278031558825372,0.44198609594567473,0.9
199.4987468671679,0.5897404597616592,0.4852021039111379,0.35886273363667903,0.34020582148568185,0.7278031558823194,0.44198609594533833,0.9
200.0,0.5897404597614938,0.48520210391108193,0.3588627336366129,0.34020582148559764,0.7278031558821016,0.44198609594500193,0.9
