module,f_ras,value,dX_dRas
C,0.0,0.0,0.1631989812787037
C,0.005025125628140704,0.0008200953833100689,0.1630790111569527
C,0.010050251256281407,0.0016389850367532935,0.16285612840483987
C,0.01507537688442211,0.0024568403924039367,0.16266860573282413
C,0.020100502512562814,0.003273845395877154,0.1625182775752764
C,0.02512562814070352,0.004090189915773549,0.16240601327044735
C,0.03015075376884422,0.004906066634776122,0.16233219143494634
C,0.035175879396984924,0.005721669226677532,0.16229689245921589
C,0.04020100502512563,0.006537191182104925,0.16230000068489944
C,0.04522613065326633,0.007352825012455416,0.16234126596495935
C,0.05025125628140704,0.008168761694315572,0.1624203437062728
C,0.05527638190954774,0.008985190275835043,0.16253682227992944
C,0.06030150753768844,0.00980229759662642,0.16269024246625083
C,0.06532663316582915,0.010620268089566207,0.16288011160682878
C,0.07035175879396985,0.011439283642926207,0.16310591409591593
C,0.07537688442211056,0.012259523507615614,0.16336711925992745
C,0.08040201005025126,0.013081164238503367,0.16366318732672624
C,0.08542713567839195,0.013904379661653062,0.16399357397013703
C,0.09045226130653267,0.014729340861318815,0.16435773377508106
C,0.09547738693467336,0.015556216182005636,0.1647551228747048
C,0.10050251256281408,0.016385171241969115,0.1651852009463837
C,0.10552763819095477,0.017216368955336125,0.1656474327097468
C,0.11055276381909548,0.01804996956066004,0.16614128903471065
C,0.11557788944723618,0.01888613065417744,0.1666662477468426
C,0.12060301507537688,0.01972500722645745,0.16722179418986927
C,0.12562814070351758,0.0205667517013118,0.16780742162685564
C,0.1306532663316583,0.0214115139764761,0.16842263148698153
C,0.135678391959799,0.02225944146500006,0.1690669335208576
C,0.1407035175879397,0.023110679137489744,0.1697398459063764
C,0.1457286432160804,0.02396536956456163,0.17044089529820292
C,0.15075376884422112,0.024823652959582238,0.17116961688081717
C,0.15577889447236182,0.025685667221655273,0.17192555443071955
C,0.16080402010050251,0.026551547978986453,0.17270826042851273
C,0.1658291457286432,0.027421428632997107,0.17351729618720263
C,0.1708542713567839,0.028295440402978437,0.17435223207633846
C,0.17587939698492464,0.029173712372457798,0.17521264785958182
C,0.18090452261306533,0.030056371537245594,0.17609813309719421
C,0.18592964824120603,0.030943542855846683,0.17700828770497798
C,0.19095477386934673,0.03183534930312477,0.17794272264650599
C,0.19597989949748745,0.032731911927670866,0.17890106078886192
C,0.20100502512562815,0.033633349914068106,0.17988293794069066
C,0.20603015075376885,0.03453978065069288,0.18088800408004244
C,0.21105527638190955,0.035451319804319786,0.1819159248099973
C,0.21608040201005024,0.03636808140255215,0.1829663831154197
C,0.22110552763819097,0.0372901779260828,0.18403908093468743
C,0.22613065326633167,0.03821772040692087,0.1851337418109873
C,0.23115577889447236,0.03915081854729875,0.18625011337313968
C,0.23618090452261306,0.04008958084283182,0.1873879696780171
C,0.24120603015075376,0.04103411472496726,0.18854711466575044
C,0.24623115577889448,0.041984526718869514,0.18972738543935155
C,0.25125628140703515,0.04294092261883009,0.19092865639764833
C,0.2562814070351759,0.0439034076876901,0.19215084292913764
C,0.2613065326633166,0.044872086869374196,0.19339390601265866
C,0.2663316582914573,0.045847065034550986,0.19465785761900326
C,0.271356783919598,0.04682844724745463,0.19594276570384522
C,0.2763819095477387,0.04781633906172532,0.197248760111718
C,0.2814070351758794,0.04881084684656737,0.19857603883719696
C,0.2864321608040201,0.04981207814551624,0.1999248747477405
C,0.2914572864321608,0.05082014207016275,0.20129562281831276
C,0.2964824120603015,0.051835149731629934,0.20268872775956986
C,0.30150753768844224,0.052857214710962455,0.20410473230255893
C,0.3065326633165829,0.053886453573866705,0.20554428589729465
C,0.31155778894472363,0.0549229864285232,0.20700815422276456
C,0.3165829145728643,0.05596693753590454,0.20849722885485045
C,0.32160804020100503,0.05701843596475285,0.21001253789194094
C,0.32663316582914576,0.05807761630868787,0.21155525720126167
C,0.3316582914572864,0.05914461945421277,0.21312672213934014
C,0.33668341708542715,0.06021959341561591,0.21472844034438446
C,0.3417085427135678,0.06130269423154326,0.2163621050093773
C,0.34673366834170855,0.06239408693329809,0.21802960919210143
C,0.35175879396984927,0.06349394658523273,0.21973306102935766
C,0.35678391959798994,0.06460245940595495,0.22147479991335597
C,0.36180904522613067,0.06571982397129661,0.22325741457512954
C,0.36683417085427134,0.06684625251726278,0.2250837615110091
C,0.37185929648241206,0.06798197232819117,0.22695698425517918
C,0.3768844221105528,0.06912722723339525,0.22888053466824898
C,0.38190954773869346,0.0702822792092791,0.23085819941138566
C,0.3869346733668342,0.07144741014205239,0.2328941250179813
C,0.3919597989949749,0.07262292368182163,0.234992843886851
C,0.3969849246231156,0.07380914726654335,0.23715930807026722
C,0.4020100502512563,0.07500643431569366,0.239398920934701
C,0.40703517587939697,0.07621516657241974,0.24171757865843135
C,0.4120603015075377,0.07743575671427086,0.2441217084403987
C,0.4170854271356784,0.07866865107935843,0.2466183171367975
C,0.4221105527638191,0.07991433276589696,0.24921504843196396
C,0.4271356783919598,0.081173324932946,0.25192023880203407
C,0.4321608040201005,0.08244619446239981,0.25474298422018793
C,0.4371859296482412,0.08373355593013382,0.2576932248469294
C,0.44221105527638194,0.08503607611915288,0.2607818201165472
C,0.4472361809045226,0.0863544787453755,0.2640206497624727
C,0.45226130653266333,0.0876895499861124,0.26742276490702455
C,0.457286432160804,0.08904214472434056,0.27100247966387137
C,0.4623115577889447,0.0904131929978096,0.27477552924385223
C,0.46733668341708545,0.09180370783231899,0.2787592797947662
C,0.4723618090452261,0.09321479379976705,0.28297291986726014
C,0.47738693467336685,0.09464765677570854,0.28743774445990916
C,0.4824120603015075,0.09610361535212794,0.2921773286015025
C,0.48743718592964824,0.09758411233954273,0.29721802127246644
C,0.49246231155778897,0.09909073114381103,0.30258936434883354
C,0.49748743718592964,0.10062521147872698,0.30832444183195395
C,0.5025125628140703,0.10218946925267487,0.31446058866480386
C,0.507537688442211,0.10378561940500641,0.32104013025765227
C,0.5125628140703518,0.1054160032251136,0.32811120788131737
C,0.5175879396984925,0.10708321948421565,0.33572885126045104
C,0.5226130653266332,0.10879016253426388,0.3439564967986979
C,0.5276381909547738,0.11054006869827289,0.352867539539151
C,0.5326633165829145,0.11233656996681814,0.3625474302908889
C,0.5376884422110553,0.11418376146501551,0.3730965624717216
C,0.542713567839196,0.11608628416251385,0.38463348778433926
C,0.5477386934673367,0.11804942465882798,0.3972999330899645
C,0.5527638190954774,0.1200792483141718,0.41126683236630174
C,0.5577889447236181,0.12218275965748425,0.426741724731598
C,0.5628140703517588,0.12436810986926321,0.4439811456524206
C,0.5678391959798995,0.12664488172434277,0.46330505616470125
C,0.5728643216080402,0.12902444209202404,0.4851190322516076
C,0.577889447236181,0.13152044988767553,0.509946731950812
C,0.5829145728643216,0.13414953487544926,0.5384785664160984
C,0.5879396984924623,0.1369322947762795,0.5716437177912398
C,0.592964824120603,0.13989469786832606,0.6107343767964789
C,0.5979899497487438,0.14307032871393258,0.6576010580949038
C,0.6030150753768845,0.14650375372857638,0.7150152275004099
C,0.6080402010050251,0.15025641140237886,0.7873631464693385
C,0.6130653266331658,0.15441695118052948,0.882152261499571
C,0.6180904522613065,0.15912226327674645,1.0134466844333565
C,0.6231155778894473,0.1646023449939301,1.2123677436617755
C,0.628140703517588,0.1713068637155583,1.5703328501542089
C,0.6331658291457286,0.18038458469397228,2.658340675149207
C,0.6381909547738693,0.19802385542560041,35.367418035091305
C,0.6432160804020101,0.5358360222325799,33.786419199159596
C,0.6482412060301508,0.5375858574272059,0.34200320447768817
C,0.6532663316582915,0.539273240368034,0.330759902091066
C,0.6582914572864321,0.5409100775487241,0.3210148450582898
C,0.6633165829145728,0.5424995202178661,0.3118667789130225
C,0.6683417085427136,0.5440444170352872,0.3032595618953322
C,0.6733668341708543,0.545547355010784,0.29514409005241454
C,0.678391959798995,0.5470106892971205,0.2874771148202114
C,0.6834170854271356,0.548436572245158,0.2802207492153549
C,0.6884422110552764,0.5498269782339582,0.2733407329008578
C,0.6934673366834171,0.5511837152893877,0.2668074349571529
C,0.6984924623115578,0.5525084599923216,0.26059424469367143
C,0.7035175879396985,0.5538027529245,0.2546766309010908
C,0.7085427135678392,0.5550680241219808,0.2490332894368395
C,0.7135678391959799,0.5563056000545185,0.2436446684316636
C,0.7185929648241206,0.5575167142569724,0.23849314503604876
C,0.7236180904522613,0.5587025160850315,0.23356273650704434
C,0.7286432160804021,0.5598640784429728,0.22883891568294204
C,0.7336683417085427,0.5610024046848601,0.22430842667472023
C,0.7386934673366834,0.5621184344899549,0.2199591610260832
C,0.7437185929648241,0.5632130495192931,0.21578004486018948
C,0.7487437185929648,0.5642870781568915,0.2117609075322718
C,0.7537688442211056,0.5653412998462506,0.2078923974657214
C,0.7587939698492463,0.5663764489856927,0.20416591712968526
C,0.7638190954773869,0.567393218611373,0.20057346353676156
C,0.7688442211055276,0.5683922626895798,0.19710771110010947
C,0.7738693467336684,0.5693742006324797,0.19376189780158215
C,0.7788944723618091,0.5703396184463796,0.19052964294829056
C,0.7839195979899498,0.5712890714158796,0.18740508432378514
C,0.7889447236180904,0.5722230866305382,0.18438279991055181
C,0.7939698492462312,0.5731421648823173,0.18145804261826576
C,0.7989949748743719,0.5740467855513248,0.17862538470618222
C,0.8040201005025126,0.5749373948793643,0.17588049145053056
C,0.8090452261306533,0.5758144286814809,0.17321980139017001
C,0.8140703517587939,0.5766782974058987,0.17063899956055037
C,0.8190954773869347,0.5775293935011849,0.1681345330705296
C,0.8241206030150754,0.5783680917081151,0.16570298516797322
C,0.8291457286432161,0.5791947501360389,0.1633411452114865
C,0.8341708542713568,0.5800097112579793,0.16104599309983006
C,0.8391959798994975,0.5808133028305096,0.15881468513491648
C,0.8442211055276382,0.5816058387467724,0.15664454083797968
C,0.8492462311557789,0.5823876198238561,0.15453303132992852
C,0.8542713567839196,0.583158934539033,0.15247776875261343
C,0.8592964824120604,0.5839200597108171,0.15047650684731856
C,0.864321608040201,0.5846712612410161,0.14852708728727332
C,0.8693467336683417,0.5854127942564178,0.14662749091573526
C,0.8743718592964824,0.5861449043657974,0.1447758256680928
C,0.8793969849246231,0.5868678276802177,0.1429702573578432
C,0.8844221105527639,0.5875817913744189,0.1412090733729881
C,0.8894472361809045,0.5882870143472829,0.13949063682447527
C,0.8944723618090452,0.5889837073224036,0.13781338345791908
C,0.8994974874371859,0.5896720734775133,0.13617583704314942
C,0.9045226130653267,0.5903523086997217,0.13457658752917348
C,0.9095477386934674,0.5910246019953944,0.13301429623086092
C,0.914572864321608,0.5916891357975193,0.13148768554085083
C,0.9195979899497487,0.5923460862721869,0.12999553713224687
C,0.9246231155778895,0.5929956236078936,0.12853668857881823
C,0.9296482412060302,0.5936379122880544,0.1271100301499194
C,0.9346733668341709,0.5942731113480938,0.1257145020865974
C,0.9396984924623115,0.594901374620583,0.12434909112649684
C,0.9447236180904522,0.5955228509574053,0.12301282788467868
C,0.949748743718593,0.5961376844485697,0.12170478523755149
C,0.9547738693467337,0.5967460146281345,0.12042407577517081
C,0.9597989949748744,0.5973479766674157,0.11916984951284079
C,0.964824120603015,0.5979437015579118,0.1179412919100662
C,0.9698492462311558,0.5985333162846023,0.11673762201493132
C,0.9748743718592965,0.5991169439902226,0.11555809072501466
C,0.9798994974874372,0.5996947041310848,0.11440197915671019
C,0.9849246231155779,0.6002667126249634,0.11326859711368216
C,0.9899497487437187,0.6008330819915239,0.11215728163232144
C,0.9949748743718593,0.6013939214855898,0.11106739561678594
C,1.0,0.6019493372238534,0.11052773191444895
A,0.0,0.0,0.5217667175186181
A,0.005025125628140704,0.002621943304113659,0.5202758067958849
A,0.010050251256281407,0.005228902580863165,0.5173245219150283
A,0.01507537688442211,0.00782118473039535,0.5144350948045171
A,0.020100502512562814,0.010399104538697508,0.5116083902615056
A,0.02512562814070352,0.012962977597345157,0.5088442433295443
A,0.03015075376884422,0.015513117034471821,0.5061419798806647
A,0.035175879396984924,0.018049831666497564,0.5035006295551814
A,0.04020100502512563,0.020573424869197263,0.5009190390457997
A,0.04522613065326633,0.02308419386796289,0.49839594019636324
A,0.05025125628140704,0.025582429293281316,0.4959299940000087
A,0.05527638190954774,0.028068414913189108,0.4935198203837397
A,0.06030150753768844,0.030542427488092768,0.49116401900485146
A,0.06532663316582915,0.03300473671223284,0.48886118406971785
A,0.07035175879396985,0.03545560521743667,0.48660991502357676
A,0.07537688442211056,0.037895288622017534,0.48440882430426374
A,0.08040201005025126,0.040324035612454394,0.48225654296091053
A,0.08542713567839195,0.04274208804876035,0.4801517246930907
A,0.09045226130653267,0.045149681086756814,0.4780930487056676
A,0.09547738693467336,0.04754704331213389,0.4760792216674648
A,0.10050251256281408,0.04993439688240973,0.4741089789873982
A,0.10552763819095477,0.05231195767381629,0.4721810855704181
A,0.11055276381909548,0.05467993543085614,0.4702943361759369
A,0.11557788944723618,0.05703853391679053,0.46844755546713235
A,0.12060301507537688,0.05938795106369164,0.46663959787975895
A,0.12562814070351758,0.06172837912161222,0.4648693472230369
A,0.1306532663316583,0.06406000480462669,0.4631357162715854
A,0.135678391959799,0.06638300943589952,0.46143764627599715
A,0.1407035175879397,0.06869756908880756,0.4597741063121429
A,0.1457286432160804,0.07100385472546879,0.4581440927448899
A,0.15075376884422112,0.0733020323324748,0.4565466286438774
A,0.15577889447236182,0.07559226305354796,0.4549807632388685
A,0.16080402010050251,0.0778747033198001,0.4534455714079153
A,0.1658291457286432,0.0801495049772456,0.4519401532246366
A,0.1708542713567839,0.08241681541251002,0.45046363361006003
A,0.17587939698492464,0.0846767776768442,0.4490151620517366
A,0.18090452261306533,0.08692953060900989,0.4475939124229205
A,0.18592964824120603,0.08917520895747656,0.4461990829260554
A,0.19095477386934673,0.09141394350273908,0.44482989615006907
A,0.19597989949748745,0.09364586118009033,0.4434855992770504
A,0.20100502512562815,0.09587108520401598,0.44216546441074117
A,0.20603015075376885,0.09808973519426863,0.4408687890646184
A,0.21105527638190955,0.10030192730516792,0.43959489685061665
A,0.21608040201005024,0.10250777435859643,0.4383431384717344
A,0.22110552763819097,0.10470738598327581,0.43711289182394214
A,0.22613065326633167,0.1069008687487868,0.43590356437823125
A,0.23115577889447236,0.10908832632878566,0.43471459450921135
A,0.23618090452261306,0.11126985964837686,0.43354545193623095
A,0.24120603015075376,0.11344556705176286,0.432395640417795
A,0.24623115577889448,0.11561554447669642,0.4312646993222107
A,0.25125628140703515,0.11777988563791572,0.43015220661911446
A,0.2562814070351759,0.11993868223166239,0.4290577801760845
A,0.2613065326633166,0.12209202413214774,0.427981080507461
A,0.2663316582914573,0.12423999962369717,0.4269218146698058
A,0.271356783919598,0.1263826956363669,0.4258797384294044
A,0.2763819095477387,0.1285201979998721,0.42485465978990056
A,0.2814070351758794,0.13065259171465735,0.4238464425148056
A,0.2864321608040201,0.13277996124122693,0.42285500987240693
A,0.2914572864321608,0.13490239080885238,0.4218803486542116
A,0.2964824120603015,0.13701996474528935,0.4209225132540191
A,0.30150753768844224,0.13913276782648074,0.419981630185856
A,0.3065326633165829,0.14124088565167986,0.4190579026822381
A,0.31155778894472363,0.14334440503936755,0.4181516158292359
A,0.3165829145728643,0.14544341445398373,0.4172631413732249
A,0.32160804020100503,0.14753800445015372,0.41639294328579185
A,0.32663316582914576,0.1496282681553485,0.4155415834557916
A,0.3316582914572864,0.15171430177131745,0.41470972746342266
A,0.33668341708542715,0.15379620511477987,0.4138981510819039
A,0.3417085427135678,0.1558740821842009,0.41310774658036503
A,0.34673366834170855,0.15794804176382876,0.4123395297239149
A,0.35175879396984927,0.16001819806082318,0.41159464705149384
A,0.35678391959798994,0.16208467138243673,0.41087438350644645
A,0.36180904522613067,0.1641475888498327,0.4101801714609824
A,0.36683417085427134,0.1662070851659642,0.4095135991390119
A,0.37185929648241206,0.16826330341404386,0.40887641897824434
A,0.3768844221105528,0.17031639590946415,0.40827055728561185
A,0.38190954773869346,0.17236652509530628,0.4076981285592188
A,0.3869346733668342,0.17441386453820001,0.40716144663038384
A,0.3919597989949749,0.17645859993581267,0.40666303529562947
A,0.3969849246231156,0.17850093021956312,0.40620564604376264
A,0.4020100502512563,0.1805410687402726,0.40579227131076134
A,0.40703517587939697,0.18257924450409338,0.40542616631482753
A,0.4120603015075377,0.18461570357760754,0.4051108648464869
A,0.4170854271356784,0.18665071048245005,0.40485020335986255
A,0.4221105527638191,0.18868454984253077,0.40464835096341234
A,0.4271356783919598,0.19071752808007228,0.40450983413809527
A,0.4321608040201005,0.19274997531125534,0.4044395688777454
A,0.4371859296482412,0.19478224736527575,0.4044429060234373
A,0.44221105527638194,0.19681472813561152,0.4045256619815536
A,0.4472361809045226,0.19884783190780392,0.4046941691477768
A,0.45226130653266333,0.20088200621749872,0.40495536747298766
A,0.457286432160804,0.2029177350984872,0.4053168302622924
A,0.4623115577889447,0.2049555422000343,0.4057868451351481
A,0.46733668341708545,0.20699599484858922,0.4063745327458779
A,0.4723618090452261,0.20903970835828434,0.40708993418782263
A,0.47738693467336685,0.2110873509710799,0.4079441683025454
A,0.4824120603015075,0.21313964974825966,0.4089494748103598
A,0.48743718592964824,0.21519739594404833,0.4101195203855068
A,0.49246231155778897,0.21726145397323965,0.41146961267134446
A,0.49748743718592964,0.21933276893572012,0.4130168228546202
A,0.5025125628140703,0.22141237681599962,0.41478038887942037
A,0.507537688442211,0.2235014160601364,0.41678209457234877
A,0.5125628140703518,0.22560114158557099,0.4190466715669891
A,0.5175879396984925,0.2277129403974931,0.4216023424547452
A,0.5226130653266332,0.229838351057478,0.4244816442800091
A,0.5276381909547738,0.23197908757618663,0.427722179458164
A,0.5326633165829145,0.2341370664289168,0.4313676778651682
A,0.5376884422110553,0.23631444112257025,0.4354695174532807
A,0.542713567839196,0.2385136444937739,0.4400882966326512
A,0.5477386934673367,0.2407374390786773,0.44529650345494004
A,0.5527638190954774,0.24298898623703966,0.4511815892246818
A,0.5577889447236181,0.24527192741259368,0.45784959333878017
A,0.5628140703517588,0.24759048968768063,0.4654317418170766
A,0.5678391959798995,0.24994963336050402,0.47409164377920204
A,0.5728643216080402,0.2523552298261651,0.48403666938244
A,0.577889447236181,0.2548143235050512,0.49553466551537095
A,0.5829145728643216,0.2573354777207919,0.5089389616010722
A,0.5879396984924623,0.2599292879432529,0.524724912220324
A,0.592964824120603,0.2626090949290364,0.5435541557111756
A,0.5979899497487438,0.2653921437795461,0.5663738579120732
A,0.6030150753768845,0.2683012945060422,0.594602799849753
A,0.6080402010050251,0.2713680513157245,0.6304873566926336
A,0.6130653266331658,0.2746378508547118,0.6778768229836027
A,0.6180904522613065,0.27818088370751953,0.7439755001609955
A,0.6231155778894473,0.2821149915598475,0.8447325771104044
A,0.628140703517588,0.28667065835184524,1.0269881693348477
A,0.6331658291457286,0.2924364806988911,1.581537400607844
A,0.6381909547738693,0.30256550659916015,14.983069237229232
A,0.6432160804020101,0.44302009112330615,14.086750559905179
A,0.6482412060301508,0.4441408891107706,0.22052244052687034
A,0.6532663316582915,0.4452363970582496,0.2159351281073892
A,0.6582914572864321,0.44631109140330716,0.2119167705853399
A,0.6633165829145728,0.447366213848052,0.20813369542844193
A,0.6683417085427136,0.44840288733726136,0.20456385911707034
A,0.6733668341708543,0.4494221320301331,0.20118798017653292
A,0.678391959798995,0.4504248770877793,0.1979890788081839
A,0.6834170854271356,0.451411972018155,0.19495226919726355
A,0.6884422110552764,0.452384196376194,0.19206411075767735
A,0.6934673366834171,0.45334226458858395,0.1893129508892974
A,0.6984924623115578,0.4542868390986995,0.18668832825750054
A,0.7035175879396985,0.455218529194187,0.18418061975903138
A,0.7085427135678392,0.45613790060381537,0.18178144345210948
A,0.7135678391959799,0.4570454783746102,0.17948311673545356
A,0.7185929648241206,0.4579417510232672,0.17727871202471757
A,0.7236180904522613,0.45882717397284856,0.1751619455121024
A,0.7286432160804021,0.4597021725862029,0.17312710456346697
A,0.7336683417085427,0.4605671448729839,0.17116897615005014
A,0.7386934673366834,0.4614224638037913,0.1692827976081332
A,0.7437185929648241,0.46226847952231187,0.16746421197117792
A,0.7487437185929648,0.46310552121053683,0.1657092172995443
A,0.7537688442211056,0.46393389879165403,0.16401413330402925
A,0.7587939698492463,0.46475390445982356,0.1623755751322949
A,0.7638190954773869,0.4655658141196168,0.16079039425809388
A,0.7688442211055276,0.46636988832171394,0.15925570512566117
A,0.7738693467336684,0.46716637397012595,0.15776884273849817
A,0.7788944723618091,0.4679555048316486,0.15632729648762203
A,0.7839195979899498,0.46873750257804175,0.15492875663105365
A,0.7889447236180904,0.46951257776261396,0.15357108501897085
A,0.7939698492462312,0.47028093056818215,0.1522523953367086
A,0.7989949748743719,0.4710427525901186,0.15097057859051558
A,0.8040201005025126,0.471798222815323,0.14972392145462865
A,0.8090452261306533,0.47254751561981334,0.14851099296371909
A,0.8140703517587939,0.4732907956089282,0.14733011049780842
A,0.8190954773869347,0.474028220247932,0.14617986838657018
A,0.8241206030150754,0.4747599400148234,0.1450589182845697
A,0.8291457286432161,0.47548609882365633,0.14396599290730264
A,0.8341708542713568,0.47620683441590184,0.14289989991419821
A,0.8391959798994975,0.4769222787222915,0.1418595163532275
A,0.8442211055276382,0.4776325581983463,0.1408437834946314
A,0.8492462311557789,0.47833779413429783,0.13985170225836305
A,0.8542713567839196,0.47903810294466154,0.13888232904883743
A,0.8592964824120604,0.4797335964362962,0.1379347754500441
A,0.864321608040201,0.4804243820949132,0.13700818940949716
A,0.8693467336683417,0.48111056316402984,0.13610177235250512
A,0.8743718592964824,0.4817922391034811,0.1352147746512042
A,0.8793969849246231,0.4824695056228359,0.1343464716007649
A,0.8844221105527639,0.4831424548984637,0.13349618484893525
A,0.8894472361809045,0.4838111758223227,0.13266326645262416
A,0.8944723618090452,0.48447575405879156,0.1318470975395491
A,0.8994974874371859,0.4851362722800066,0.13104709328295475
A,0.9045226130653267,0.4857928102726906,0.1302626952159944
A,0.9095477386934674,0.48644544509624776,0.12949337275963674
A,0.914572864321608,0.48709425120494826,0.1287386195161916
A,0.9195979899497487,0.4877393005687723,0.12799795245839396
A,0.9246231155778895,0.4883806627874447,0.12727091059528073
A,0.9296482412060302,0.4890184051978706,0.12655705371042178
A,0.9346733668341709,0.48965259297548913,0.12585596127383628
A,0.9396984924623115,0.49028328923077347,0.12516723111478315
A,0.9447236180904522,0.49091055509724574,0.12449047839255074
A,0.949748743718593,0.4915344498176333,0.12382533491263727
A,0.9547738693467337,0.49215503082501094,0.12317144813981898
A,0.9597989949748744,0.4927723538190385,0.12252848030721149
A,0.964824120603015,0.49338647283814874,0.12189610763623766
A,0.9698492462311558,0.4939974403279454,0.12127401960599327
A,0.9748743718592965,0.4946053072060482,0.12066191826842218
A,0.9798994974874372,0.49521012292360794,0.12005951760616944
A,0.9849246231155779,0.4958119355236981,0.11946654292947988
A,0.9899497487437187,0.49641079169676855,0.11888273030437582
A,0.9949748743718593,0.49700673683328983,0.11830782601598004
A,1.0,0.49759981507381357,0.11802256986422309
T,0.0,0.0,0.34113500028872396
T,0.005025125628140704,0.0017142462326066531,0.3401931563552815
T,0.010050251256281407,0.0034190266970380054,0.3383301470624502
T,0.01507537688442211,0.005114549218158916,0.3365091029486884
T,0.020100502512562814,0.00680102773169819,0.33473073810852183
T,0.02512562814070352,0.00847867723935009,0.33299503220041504
T,0.03015075376884422,0.010147711472405879,0.3313016005081013
T,0.035175879396984924,0.011808341566064676,0.3296498451316744
T,0.04020100502512563,0.01346077524257346,0.32803903530975587
T,0.04522613065326633,0.015105216292795891,0.3264683558393523
T,0.05025125628140704,0.016741864245984037,0.3249369383233467
T,0.05527638190954774,0.01837091416539234,0.3234438823639037
T,0.06030150753768844,0.019992556531048394,0.32198827038947886
T,0.06532663316582915,0.02160697718438208,0.32056917824811804
T,0.07035175879396985,0.023214357317461642,0.31918568287574156
T,0.07537688442211056,0.02481487349469104,0.3178368678843078
T,0.08040201005025126,0.026408697698208455,0.3165218276359613
T,0.08542713567839195,0.027995997390529843,0.3152396701973395
T,0.09045226130653267,0.029576935589639003,0.313989519445055
T,0.09547738693467336,0.031151670952791703,0.3127705165422178
T,0.10050251256281408,0.03272035786644521,0.3115818209284307
T,0.10552763819095477,0.03428314654001211,0.31042261092866125
T,0.11055276381909548,0.035840183101909145,0.3092920840839627
T,0.11557788944723618,0.03739160969663485,0.3081894572224962
T,0.12060301507537688,0.03893756458153222,0.3071139666028662
T,0.12562814070351758,0.04047818222530687,0.3060648674011296
T,0.1306532663316583,0.04201359339963403,0.30504143366098274
T,0.135678391959799,0.04354392527717605,0.3040429581502519
T,0.1407035175879397,0.04506930152174711,0.3030687516364935
T,0.1457286432160804,0.04658984237905035,0.3021181427552123
T,0.15075376884422112,0.04810566476551809,0.3011904776896626
T,0.15577889447236182,0.04961688235583089,0.3002851197524724
T,0.16080402010050251,0.05112360566755299,0.29940144896983867
T,0.1658291457286432,0.05262594214447248,0.29853886203029556
T,0.1708542713567839,0.05412399624072178,0.29769677203122935
T,0.17587939698492464,0.055617869501570265,0.29687460821793166
T,0.18090452261306533,0.057107660644922106,0.29607181600939814
T,0.18592964824120603,0.05859346564236823,0.2952878569923067
T,0.19095477386934673,0.06007537780062368,0.29452220901797527
T,0.19597989949748745,0.06155348784355392,0.29377436643051774
T,0.20100502512562815,0.06302788399590527,0.2930438403488021
T,0.20603015075376885,0.06449865206816499,0.2923301590872648
T,0.21105527638190955,0.06596587554452099,0.2916328687449729
T,0.21608040201005024,0.0674296356736421,0.2909515341719151
T,0.22110552763819097,0.06889001156634929,0.29028573841989896
T,0.22613065326633167,0.07034708028087727,0.28963508540939686
T,0.23115577889447236,0.07180091694734825,0.2889992010237896
T,0.23618090452261306,0.07325159486403093,0.2883777326737862
T,0.24120603015075376,0.07469918561743655,0.287770352033236
T,0.24623115577889448,0.07614375920607351,0.28717675604608395
T,0.25125628140703515,0.07758538417066352,0.28659666965095804
T,0.2562814070351759,0.07902412774527912,0.28602984628657174
T,0.2613065326633166,0.08046005599263913,0.28547607012546133
T,0.2663316582914573,0.08189323397769581,0.2849351596266496
T,0.271356783919598,0.0833237259386356,0.2844069688294091
T,0.2763819095477387,0.08475159547346878,0.2838913902558993
T,0.2814070351758794,0.08617690574020243,0.28338835770475473
T,0.2864321608040201,0.08759971967150651,0.28289784922746053
T,0.2914572864321608,0.08902010020480002,0.282419890353414
T,0.2964824120603015,0.09043811052932976,0.281954557285315
T,0.30150753768844224,0.09185381434837103,0.28150198054780823
T,0.3065326633165829,0.09326727616297607,0.2810623487032735
T,0.31155778894472363,0.0946785615715195,0.2806359124959917
T,0.3165829145728643,0.09608773759509659,0.2802229886459474
T,0.32160804020100503,0.09749487301519737,0.27982396443248864
T,0.32663316582914576,0.09890003874517186,0.2794393023176747
T,0.3316582914572864,0.10030330821436997,0.2790695445799732
T,0.33668341708542715,0.10170475778617662,0.2787153186961827
T,0.3417085427135678,0.10310446719624115,0.27837734245857365
T,0.34673366834170855,0.10450252002194117,0.27805642972353306
T,0.35175879396984927,0.10589900417838723,0.2777534963925836
T,0.35678391959798994,0.10729401244799729,0.27746956667471057
T,0.36180904522613067,0.10868764303943959,0.27720578071825286
T,0.36683417085427134,0.11008000019390937,0.2769634014650864
T,0.37185929648241206,0.11147119481295804,0.2767438213070925
T,0.3768844221105528,0.11286134513166911,0.2765485699827707
T,0.38190954773869346,0.11425057742585021,0.2763793271529088
T,0.3869346733668342,0.11563902681159784,0.2762379313690528
T,0.3919597989949749,0.11702683804262462,0.27612638831272673
T,0.3969849246231156,0.11841416639263026,0.27604688609714273
T,0.4020100502512563,0.119801178606415,0.27600180559447585
T,0.40703517587939697,0.12118805388604208,0.2759937391953
T,0.4120603015075377,0.12257498503048836,0.2760255029546984
T,0.4170854271356784,0.12396217954387825,0.2761001566498294
T,0.4221105527638191,0.1253498609767178,0.27622102923951003
T,0.4271356783919598,0.12673827029000398,0.27639173823480334
T,0.4321608040201005,0.12812766739113793,0.2766162158711024
T,0.4371859296482412,0.12951833276107033,0.2768987474344637
T,0.44221105527638194,0.1309105693754039,0.27724399416822687
T,0.4472361809045226,0.13230470456175603,0.2776570345331224
T,0.45226130653266333,0.1337010923355358,0.27814344435227195
T,0.457286432160804,0.13510011606278388,0.2787093108507407
T,0.4623115577889447,0.13650219093705077,0.27936129909941776
T,0.46733668341708545,0.13790776731001422,0.28010675300821186
T,0.4723618090452261,0.13931733418336445,0.28095376304351183
T,0.47738693467336685,0.14073142321999926,0.28191129845657903
T,0.4824120603015075,0.1421506135648376,0.2829892271823926
T,0.48743718592964824,0.1435755360560032,0.28419858275057547
T,0.49246231155778897,0.14500688072815998,0.2855517380047977
T,0.49748743718592964,0.14644540276961926,0.28706248563103576
T,0.5025125628140703,0.14789193083500454,0.2887463793403602
T,0.507537688442211,0.14934737643133142,0.2906210408852001
T,0.5125628140703518,0.15081274531626285,0.2927064799122479
T,0.5175879396984925,0.1522891500987912,0.29502553323920866
T,0.5226130653266332,0.1537778260523353,0.2976045453957009
T,0.5276381909547738,0.1552801505550294,0.30047396332935983
T,0.5326633165829145,0.15679766487976604,0.3036691944296215
T,0.5376884422110553,0.15833210225783967,0.3072318511440872
T,0.542713567839196,0.15988542217769658,0.3112110029813763
T,0.5477386934673367,0.16145985103152186,0.3156653671341609
T,0.5527638190954774,0.16305793843030122,0.3206657930740405
T,0.5577889447236181,0.16468262282121068,0.32629815035535564
T,0.5628140703517588,0.16633731682583242,0.33266875330940987
T,0.5678391959798995,0.16802602737708416,0.3399101156518678
T,0.5728643216080402,0.16975349889268537,0.3481901785039413
T,0.577889447236181,0.17152542615601826,0.35772587846877035
T,0.5829145728643216,0.17334873385217048,0.36880339320911865
T,0.5879396984924623,0.17523199292193903,0.3818076525332646
T,0.592964824120603,0.1771859966917008,0.397274499867113
T,0.5979899497487438,0.17922470146331707,0.41597085138295453
T,0.6030150753768845,0.1813666082633888,0.43904540605387665
T,0.6080402010050251,0.1836372181070746,0.4683169259401013
T,0.6130653266331658,0.1860733110366561,0.5069025540372106
T,0.6180904522613065,0.18873171613759934,0.5606342008239803
T,0.6231155778894473,0.19170782561780167,0.6424230195109252
T,0.628140703517588,0.19518822889650314,0.7901820485383549
T,0.6331658291457286,0.19964935374381523,1.2389943334252866
T,0.6381909547738693,0.2076404332525361,12.712529721433036
T,0.6432160804020101,0.3274134715471629,12.00360534328743
T,0.6482412060301508,0.3282796829338173,0.170174034800763
T,0.6532663316582915,0.32912376335420573,0.16620149075689875
T,0.6582914572864321,0.32995004967509267,0.1627673745390796
T,0.6633165829145728,0.33075961636464873,0.15953684148211117
T,0.6683417085427136,0.33155343501662143,0.1564907999727705
T,0.6733668341708543,0.33233238822367156,0.15361254837401975
T,0.678391959798995,0.333097279723898,0.15088737721010317
T,0.6834170854271356,0.3338488442760344,0.14830240587950977
T,0.6884422110552764,0.3345877561648981,0.14584595930426558
T,0.6934673366834171,0.33531463281175566,0.14350797315716074
T,0.6984924623115578,0.33603004735240727,0.14127940043341655
T,0.7035175879396985,0.3367345262834483,0.13915187365791454
T,0.7085427135678392,0.3374285586454516,0.1371181557457772
T,0.7135678391959799,0.3381125982004913,0.13517158909806504
T,0.7185929648241206,0.338787067078598,0.13330617515875567
T,0.7236180904522613,0.33945235875485064,0.13151647304894307
T,0.7286432160804021,0.34010884067707986,0.12979753709780856
T,0.7336683417085427,0.3407568566151301,0.12814485332898298
T,0.7386934673366834,0.34139672865023546,0.1265542981319001
T,0.7437185929648241,0.34202875910891806,0.1250221003573329
T,0.7487437185929648,0.3426532321714147,0.12354479565525946
T,0.7537688442211056,0.34327041534665936,0.12211919827489243
T,0.7587939698492463,0.343880560797293,0.12074237975202295
T,0.7638190954773869,0.34448390660044853,0.11941161074670265
T,0.7688442211055276,0.34508067748821464,0.1181243958215586
T,0.7738693467336684,0.34567108645795164,0.11687843225295241
T,0.7788944723618091,0.3462553350987971,0.11567154203293276
T,0.7839195979899498,0.34683361451858413,0.1145017265930922
T,0.7889447236180904,0.3474061062203357,0.11336713872369035
T,0.7939698492462312,0.3479729827469629,0.1122661763656188
T,0.7989949748743719,0.34853440950039216,0.11119695415413343
T,0.8040201005025126,0.3490905400751452,0.11015799887277053
T,0.8090452261306533,0.3496415250669527,0.10914812423778118
T,0.8140703517587939,0.3501875061478867,0.10816583579969677
T,0.8190954773869347,0.3507286188940853,0.10720992564779887
T,0.8241206030150754,0.3512649928378143,0.10627922751461914
T,0.8291457286432161,0.3517967518339307,0.10537264531325437
T,0.8341708542713568,0.35232401439875155,0.10448914784266879
T,0.8391959798994975,0.35284689402330427,0.1036277639815259
T,0.8442211055276382,0.3533654994638925,0.10278757818881598
T,0.8492462311557789,0.35387993501012655,0.10196772655970215
T,0.8542713567839196,0.3543903007358493,0.10116739323671192
T,0.8592964824120604,0.35489669273109853,0.10038581119540206
T,0.864321608040201,0.35539920336092873,0.09962224146861162
T,0.8693467336683417,0.355897921288572,0.09887599392566661
T,0.8743718592964824,0.35639293194309624,0.0981464229199117
T,0.8793969849246231,0.3568843174988224,0.09743290022656842
T,0.8844221105527639,0.35737215707100145,0.09673484069056552
T,0.8894472361809045,0.3578565269529989,0.09605168434077424
T,0.8944723618090452,0.35833750063221526,0.09538289547476533
T,0.8994974874371859,0.35881514901807193,0.09472796907174424
T,0.9045226130653267,0.35928954052238354,0.09408642237152147
T,0.9095477386934674,0.35976074120271034,0.093457797194152
T,0.914572864321608,0.36022881486604336,0.09284165607060145
T,0.9195979899497487,0.36069382317326915,0.09223758174335663
T,0.9246231155778895,0.3611558257378359,0.09164517602071502
T,0.9296482412060302,0.36161488021870347,0.09106405868676681
T,0.9346733668341709,0.36207104240805466,0.09049386659087408
T,0.9396984924623115,0.36252436631509416,0.08993425242067363
T,0.9447236180904522,0.36297490424142825,0.08938488381109777
T,0.949748743718593,0.3634227068559092,0.08884544284452686
T,0.9547738693467337,0.36386782326499134,0.08831562516414149
T,0.9597989949748744,0.3643103010786644,0.08779513918519721
T,0.964824120603015,0.36475018647288276,0.08728370542031372
T,0.9698492462311558,0.3651875242487178,0.08678105584756314
T,0.9748743718592965,0.36562235788843617,0.08628693331803448
T,0.9798994974874372,0.36605472960869806,0.08580109100036114
T,0.9849246231155779,0.36648468041105287,0.08532329185885008
T,0.9899497487437187,0.36691225012989254,0.08485330815676616
T,0.9949748743718593,0.36733747747795503,0.08439092099035005
T,1.0,0.36776040008959454,0.08416159971626194
R,0.0,0.0,0.0003340908021480944
R,0.005025125628140704,1.6788482520004746e-06,0.0009384281119896848
R,0.010050251256281407,9.43143831145412e-06,0.002401273546974456
R,0.01507537688442211,2.5812250734155805e-05,0.004298102180023343
R,0.020100502512562814,5.262844514585958e-05,0.0065181240238535425
R,0.02512562814070352,9.13210348934879e-05,0.009001468171703584
R,0.03015075376884422,0.0001430954619469006,0.011707827042808816
R,0.035175879396984924,0.0002089876383388026,0.014607382268561429
R,0.04020100502512563,0.0002899033239424929,0.01767681006891184
R,0.04522613065326633,0.00038664402094093167,0.02089717169686981
R,0.05025125628140704,0.000499925150041687,0.024252667434190904
R,0.05527638190954774,0.000630389422289584,0.02772984202425745
R,0.06030150753768844,0.0007786170296824653,0.031317048415125615
R,0.06532663316582915,0.000945133627466726,0.0350040696960755
R,0.07035175879396985,0.00113041672512041,0.038781843161941616
R,0.07537688442211056,0.0013349008954259382,0.042642253161638756
R,0.08040201005025126,0.0015589820835288399,0.04657797191615096
R,0.08542713567839195,0.001803021216191274,0.05058233479153338
R,0.09045226130653267,0.002067347257313095,0.05464924087321022
R,0.09547738693467336,0.0023522598179320803,0.05877307264330494
R,0.10050251256281408,0.002658031404481989,0.06294863026923721
R,0.10552763819095477,0.0029849093683766755,0.06717107720357157
R,0.11055276381909548,0.0033331176075329597,0.07143589478929097
R,0.11557788944723618,0.0037028580597263335,0.07573884311183386
R,0.12060301507537688,0.0040943120106669674,0.080075933045908
R,0.12562814070351758,0.004507641306418875,0.08444339054377101
R,0.1306532663316583,0.004942989302564165,0.08883763790150243
R,0.135678391959799,0.005400481888343524,0.09325527734216844
R,0.1407035175879397,0.005880228270827163,0.09769306399183522
R,0.1457286432160804,0.006382321727457445,0.10214789783484676
R,0.15075376884422112,0.006906840309368338,0.1066168039321106
R,0.15577889447236182,0.007453847395116849,0.11109692673361181
R,0.16080402010050251,0.008023392336841823,0.11558552280684417
R,0.1658291457286432,0.008615510940914277,0.12007993974493526
R,0.1708542713567839,0.009230225902117552,0.12457761544917609
R,0.17587939698492464,0.009867547277086903,0.12907607393944984
R,0.18090452261306533,0.010527472876383382,0.1335729155501855
R,0.18592964824120603,0.011209988639400323,0.13806581287156744
R,0.19095477386934673,0.011915068985645365,0.1425525061482733
R,0.19597989949748745,0.012642677143403072,0.14703080054092654
R,0.20100502512562815,0.013392765473493875,0.15149856188457053
R,0.20603015075376885,0.014165275755308302,0.15595371420699491
R,0.21105527638190955,0.014960139485624475,0.16039424038426797
R,0.21608040201005024,0.01577727817123059,0.16481817546698774
R,0.22110552763819097,0.01661660356066958,0.16922360804328326
R,0.22613065326633167,0.017478017950560074,0.17360868582991046
R,0.23115577889447236,0.018361414473533,0.17797160902133902
R,0.23618090452261306,0.019266677337709207,0.18231063030901135
R,0.24120603015075376,0.020193682114829595,0.18662405919286995
R,0.24623115577889448,0.021142296023064687,0.19091026351127816
R,0.25125628140703515,0.02211237823052083,0.1951676671203641
R,0.2562814070351759,0.023103780114726635,0.19939475629698483
R,0.2613065326633166,0.024116345630490536,0.2035900836737881
R,0.2663316582914573,0.02514991160893556,0.20775226679295264
R,0.271356783919598,0.026204308110821715,0.21187999478138778
R,0.2763819095477387,0.02727935879266811,0.21597203177460442
R,0.2814070351758794,0.02837488129448608,0.22002722143243342
R,0.2864321608040201,0.029490687651285527,0.22404449188797004
R,0.2914572864321608,0.030626584730546077,0.2280228620876504
R,0.2964824120603015,0.031782374707442815,0.23196144480494224
R,0.30150753768844224,0.03295785553260581,0.2358594549153627
R,0.3065326633165829,0.034152821490511784,0.23971621539689944
R,0.31155778894472363,0.03536706372754952,0.24353116720224932
R,0.3165829145728643,0.036600370909629865,0.24730387193287667
R,0.32160804020100503,0.037852529777126165,0.25103402156603405
R,0.32663316582914576,0.03912332590024328,0.2547214484876813
R,0.3316582914572864,0.0404125443347913,0.2583661306803968
R,0.33668341708542715,0.041719970429694504,0.26196820461604836
R,0.3417085427135678,0.04304539061233952,0.2655279716455179
R,0.34673366834170855,0.04438859326030272,0.2690459090762523
R,0.35175879396984927,0.04574936959803051,0.27252268020161874
R,0.35678391959798994,0.04712751466936421,0.2759591446211324
R,0.36180904522613067,0.04852282833794139,0.2793563746602483
R,0.36683417085427134,0.04993511642474359,0.28271566416189536
R,0.37185929648241206,0.051364191796854905,0.28603853399349893
R,0.3768844221105528,0.052809875560356656,0.28932674432371813
R,0.38190954773869346,0.05427199827247016,0.29258232746404633
R,0.3869346733668342,0.05575040146451792,0.29580759661273603
R,0.3919597989949749,0.057244938941944906,0.2990051473311576
R,0.3969849246231156,0.05875547832211749,0.3021778925084992
R,0.4020100502512563,0.060281902685748914,0.3053290675118879
R,0.40703517587939697,0.06182411216645807,0.3084622681515109
R,0.4120603015075377,0.06338202598375405,0.3115814557446691
R,0.4170854271356784,0.06495558408348993,0.3146909884659947
R,0.4221105527638191,0.06654474948592484,0.3177956692593848
R,0.4271356783919598,0.06814951040770485,0.32090075859741346
R,0.4321608040201005,0.06976988273816015,0.32401200943370584
R,0.4371859296482412,0.07140591251256621,0.3271357350276211
R,0.44221105527638194,0.07305767907009605,0.3302788133811916
R,0.4472361809045226,0.07472529757167366,0.333448745441351
R,0.45226130653266333,0.07640892274287345,0.33665382866295157
R,0.457286432160804,0.07810875313612543,0.3399030933471616
R,0.4623115577889447,0.07982503423379969,0.34320640084150844
R,0.46733668341708545,0.08155806369734664,0.3465746318982723
R,0.4723618090452261,0.08330819636343056,0.35001974075714687
R,0.47738693467336685,0.08507585003661444,0.3535549793535242
R,0.4824120603015075,0.08686151273884286,0.35719478003816857
R,0.48743718592964824,0.0886657473234302,0.36095529776939117
R,0.49246231155778897,0.09048920417371113,0.3648546476409191
R,0.49748743718592964,0.09233262820424346,0.36891283620236603
R,0.5025125628140703,0.09419687086921227,0.3731523652129846
R,0.507537688442211,0.09608290323150963,0.3775986500450797
R,0.5125628140703518,0.09799183217619802,0.38228040314708
R,0.5175879396984925,0.09992491733349035,0.3872302286759052
R,0.5226130653266332,0.10188359326841818,0.39248567889080155
R,0.5276381909547738,0.10386949702083506,0.3980899540057793
R,0.5326633165829145,0.10588449732877775,0.4040930592171222
R,0.5376884422110553,0.10793073379688656,0.41055362517599336
R,0.542713567839196,0.11001066441597368,0.4175404551854151
R,0.5477386934673367,0.1121271202811621,0.42513577226315097
R,0.5527638190954774,0.1142833857452516,0.433438595895956
R,0.5577889447236181,0.11648328707408626,0.442568346359087
R,0.5628140703517588,0.11873130882423737,0.4526728775040307
R,0.5678391959798995,0.12103276322990568,0.46393593862116744
R,0.5728643216080402,0.12339398157419887,0.47658989611762265
R,0.577889447236181,0.12582261143209286,0.4909345917052809
R,0.5829145728643216,0.12832799757123683,0.5073652055043486
R,0.5879396984924623,0.13092175922610638,0.5264121564734431
R,0.592964824120603,0.13361857200815588,0.5488137529634414
R,0.5979899497487438,0.13643747533629175,0.5756247202666491
R,0.6030150753768845,0.13940374507616243,0.6084233431120192
R,0.6080402010050251,0.1425522828047542,0.6497074948577348
R,0.6130653266331658,0.14593346864257178,0.7037603953965105
R,0.6180904522613065,0.14962525160270912,0.7785771799100293
R,0.6231155778894473,0.15375836492307463,0.891852235002295
R,0.628140703517588,0.15858859064795836,1.0954817902490814
R,0.6331658291457286,0.1647682321617588,1.7086815571837557
R,0.6381909547738693,0.17576126961462915,14.880171320132904
R,0.6432160804020101,0.3143176926656077,13.863093247707512
R,0.6482412060301508,0.31508883994334846,0.15110073911683297
R,0.6532663316582915,0.3158362930587417,0.14686960737612778
R,0.6582914572864321,0.31656491639938994,0.14323638895020255
R,0.6633165829145728,0.3172758547567337,0.1398200407974588
R,0.6683417085427136,0.3179701429400679,0.13660016923675847
R,0.6733668341708543,0.3186487207792137,0.13355893841586963
R,0.678391959798995,0.31931244382866963,0.13068063769723767
R,0.6834170854271356,0.319962094022402,0.12795152692515274
R,0.6884422110552764,0.32059838882289227,0.1253591281238545
R,0.6934673366834171,0.3212219847573151,0.1228927211435468
R,0.6984924623115578,0.32183349154795304,0.12054266624018209
R,0.7035175879396985,0.322433468840131,0.11830002261636195
R,0.7085427135678392,0.32302243649887125,0.1161570887759196
R,0.7135678391959799,0.3236008767675272,0.11410676818401139
R,0.7185929648241206,0.3241692381891628,0.11214267087463446
R,0.7236180904522613,0.32472793878636774,0.1102590024652555
R,0.7286432160804021,0.3252773688672056,0.10845049760379208
R,0.7336683417085427,0.3258178935361546,0.1067123510280378
R,0.7386934673366834,0.32634985480718587,0.10504017424165106
R,0.7437185929648241,0.32687357367928677,0.10342995551503459
R,0.7487437185929648,0.327389351847538,0.1018780099010908
R,0.7537688442211056,0.32789747327628266,0.10038094956631853
R,0.7587939698492463,0.3283982056120236,0.09893566200058496
R,0.7638190954773869,0.32889180153759506,0.09753924296457482
R,0.7688442211055276,0.32937849951116505,0.09618904192846442
R,0.7738693467336684,0.3298585255770771,0.09488261489547697
R,0.7788944723618091,0.3303320936307176,0.09361764416223263
R,0.7839195979899498,0.3307994064229287,0.09239200724682321
R,0.7889447236180904,0.3312606565176203,0.09120374488204322
R,0.7939698492462312,0.33171602697450703,0.09005117836151047
R,0.7989949748743719,0.3321656934860777,0.08893226222555037
R,0.8040201005025126,0.3326098185546633,0.08784543844719296
R,0.8090452261306533,0.3330485622141902,0.08678948629846661
R,0.8140703517587939,0.3334820746983665,0.0857627926171263
R,0.8190954773869347,0.3339104998284327,0.08476408149664427
R,0.8241206030150754,0.3343339750149157,0.08379211597009109
R,0.8291457286432161,0.33475263164722757,0.08284573368127382
R,0.8341708542713568,0.33516659545392347,0.08192384124536853
R,0.8391959798994975,0.33557598683562323,0.08102540913265534
R,0.8442211055276382,0.33598092117384964,0.08014946685708592
R,0.8492462311557789,0.33638150911559395,0.07929509878767672
R,0.8542713567839196,0.33677785684005745,0.07846144034100436
R,0.8592964824120604,0.3371700663049508,0.07764767962857952
R,0.864321608040201,0.3375582355297919,0.07685303188251709
R,0.8693467336683417,0.3379424585851771,0.07607676616903691
R,0.8743718592964824,0.3383228261445561,0.07531820043204386
R,0.8793969849246231,0.3386994254236901,0.07457666785501889
R,0.8844221105527639,0.3390723403943553,0.07385154964465326
R,0.8894472361809045,0.3394416520532846,0.07314225283045737
R,0.8944723618090452,0.33980743841275185,0.07244820948325371
R,0.8994974874371859,0.340169774761659,0.07176888517686417
R,0.9045226130653267,0.34052873374116255,0.07110376865375115
R,0.9095477386934674,0.3408843855018977,0.07045237507611529
R,0.914572864321608,0.3412367978122793,0.06981424139263237
R,0.9195979899497487,0.34158603616916033,0.06918892596724324
R,0.9246231155778895,0.34193216390240233,0.06857600736930063
R,0.9296482412060302,0.3422752422733744,0.06797508321792368
R,0.9346733668341709,0.3426153305679091,0.06738576924017527
R,0.9396984924623115,0.34295248618533597,0.06680769790424199
R,0.9447236180904522,0.3432867647177005,0.06624051747407088
R,0.949748743718593,0.3436182200292965,0.06568389155361479
R,0.9547738693467337,0.34394690433130465,0.065137498118755
R,0.9597989949748744,0.34427286825159553,0.06460102866631541
R,0.964824120603015,0.34459616090081535,0.06407418749854087
R,0.9698492462311558,0.34491682993499795,0.06355669105290174
R,0.9748743718592965,0.34523492161491487,0.0630482672739057
R,0.9798994974874372,0.3455504808623739,0.06254865502404997
R,0.9849246231155779,0.34586355131364904,0.06205760353048848
R,0.9899497487437187,0.346174175370218,0.06157487185675012
R,0.9949748743718593,0.3464823942468827,0.061100228407235384
R,1.0,0.3467882480175269,0.06086490035819199
L,0.0,0.0,0.782650078065136
L,0.005025125628140704,0.003932914965151437,0.7804137110803735
L,0.010050251256281407,0.007843353880204759,0.7759867828609486
L,0.01507537688442211,0.011731777104457452,0.7716526422001223
L,0.020100502512562814,0.015598656816889406,0.7674125907918835
L,0.02512562814070352,0.01944446645914975,0.7632663705400105
L,0.03015075376884422,0.023269675616286494,0.7592129701157749
L,0.035175879396984924,0.027074747565840954,0.7552509446370629
L,0.04020100502512563,0.030860137371432856,0.7513785588747119
L,0.04522613065326633,0.03462629087111444,0.7475939105944261
L,0.05025125628140704,0.03837364401057282,0.7438949912839743
L,0.05527638190954774,0.04210262244180765,0.7402797308316
L,0.06030150753768844,0.045813641305362765,0.7367460287201802
L,0.06532663316582915,0.04950710514251298,0.7332917762564659
L,0.07035175879396985,0.05318340790090514,0.7299148726079093
L,0.07537688442211056,0.05684293300791911,0.7266132364285803
L,0.08040201005025126,0.06048605349315218,0.723384814292417
L,0.08542713567839195,0.06411313214653636,0.7202275868748446
L,0.09045226130653267,0.06772452170294961,0.7171395729186693
L,0.09547738693467336,0.07132056504019132,0.7141188323079121
L,0.10050251256281408,0.07490159539448642,0.711163468223245
L,0.10552763819095477,0.07846793658012344,0.7082716280203976
L,0.11055276381909548,0.0820199032137869,0.7054415038369846
L,0.11557788944723618,0.08555780094029414,0.7026713273253052
L,0.12060301507537688,0.08908192660399096,0.6999593952709371
L,0.12562814070351758,0.09259256873196184,0.6973040225918968
L,0.1306532663316583,0.09609000723305526,0.6947035702206542
L,0.135678391959799,0.09957451416131516,0.6921564676463887
L,0.1407035175879397,0.10304635364156167,0.6896611596404341
L,0.1457286432160804,0.10650578209739991,0.6872161451505991
L,0.15075376884422112,0.10995304856769836,0.684819947357103
L,0.15577889447236182,0.11338839463365222,0.6824711389822118
L,0.16080402010050251,0.11681205498963013,0.6801683527942711
L,0.1658291457286432,0.12022425747580569,0.6779102298521317
L,0.1708542713567839,0.12362522312884752,0.6756954504432178
L,0.17587939698492464,0.12701516652548628,0.6735227431038823
L,0.18090452261306533,0.13039429592386143,0.6713908686581167
L,0.18592964824120603,0.13376281344667337,0.6692986244098648
L,0.19095477386934673,0.13712091526466408,0.6672448434887479
L,0.19597989949748745,0.14046879177319346,0.6652283981849194
L,0.20100502512562815,0.14380662780923614,0.6632481966474796
L,0.20603015075376885,0.14713460279477616,0.661303183645529
L,0.21105527638190955,0.1504528909614525,0.6593923494241937
L,0.21608040201005024,0.153761661582959,0.6575147145521881
L,0.22110552763819097,0.15706107904740416,0.655669340616553
L,0.22613065326633167,0.16035130319719573,0.6538553467293505
L,0.23115577889447236,0.16363248956729712,0.6520718915440052
L,0.23618090452261306,0.16690478954437166,0.6503181771088046
L,0.24120603015075376,0.1701683506437675,0.6485934591049993
L,0.24623115577889448,0.1734233167715576,0.6468970504562034
L,0.25125628140703515,0.1766698285377997,0.6452283121203028
L,0.2562814070351759,0.179908023426033,0.6435866696638376
L,0.2613065326633166,0.18313803627311467,0.6419716198887361
L,0.2663316582914573,0.18635999950531676,0.6403827208102387
L,0.271356783919598,0.18957404351743867,0.6388196060613769
L,0.2763819095477387,0.19278029705367233,0.6372819876293809
L,0.2814070351758794,0.19597888761421636,0.6357696611480091
L,0.2864321608040201,0.1991699418893307,0.6342825115395079
L,0.2914572864321608,0.20235358622265362,0.6328205210584412
L,0.2964824120603015,0.20552994712609896,0.6313837695887048
L,0.30150753768844224,0.20869915174615822,0.6299724458839882
L,0.3065326633165829,0.21186132849176717,0.62858685339191
L,0.31155778894472363,0.21501660755914223,0.6272274233143077
L,0.3165829145728643,0.21816512169090593,0.6258947123345086
L,0.32160804020100503,0.221307006678082,0.6245894149402661
L,0.32663316582914576,0.22444240224306944,0.6233123758756056
L,0.3316582914572864,0.22757145266678155,0.6220645913174336
L,0.33668341708542715,0.23069430768344565,0.6208472266346786
L,0.3417085427135678,0.23381112328622555,0.6196616197659683
L,0.34673366834170855,0.23692206265596794,0.6185092940708495
L,0.35175879396984927,0.24002729709598286,0.617391968639689
L,0.35678391959798994,0.243127007064407,0.6163115690071783
L,0.36180904522613067,0.246221383216658,0.6152702487854314
L,0.36683417085427134,0.24931062765521536,0.6142703964412617
L,0.37185929648241206,0.2523949550401883,0.6133146365505464
L,0.3768844221105528,0.2554745938517033,0.612405844515618
L,0.38190954773869346,0.25854978764838543,0.6115471956420339
L,0.3869346733668342,0.26162079682298,0.6107421709530337
L,0.3919597989949749,0.2646878999192702,0.6099945509579028
L,0.3969849246231156,0.2677513953250695,0.6093084675207479
L,0.4020100502512563,0.2708116031104335,0.6086884041906401
L,0.40703517587939697,0.27386886672397037,0.6081392505078436
L,0.4120603015075377,0.276923555376844,0.6076663027477625
L,0.4170854271356784,0.279976065746561,0.6072753063048103
L,0.4221105527638191,0.2830268247869426,0.6069725246067539
L,0.4271356783919598,0.2860762921245183,0.606764749838587
L,0.4321608040201005,0.2891249629762751,0.6066593504661614
L,0.4371859296482412,0.2921733710236757,0.6066643668962899
L,0.44221105527638194,0.29522209229181573,0.6067885109148714
L,0.4472361809045226,0.298271748017795,0.6070412458788191
L,0.45226130653266333,0.30132300933582395,0.6074330368922348
L,0.457286432160804,0.304376602659928,0.6079752458081781
L,0.4623115577889447,0.3074333133137956,0.6086802678716652
L,0.46733668341708545,0.31049399228677893,0.6095617987564845
L,0.4723618090452261,0.3135595625475291,0.610634900364453
L,0.47738693467336685,0.31663102646129604,0.611916311657933
L,0.4824120603015075,0.3197094752275083,0.6134242726921358
L,0.48743718592964824,0.3227960945285537,0.6151792828120117
L,0.49246231155778897,0.32589218158742805,0.6172044219044123
L,0.49748743718592964,0.32899915404518093,0.6195252348191488
L,0.5025125628140703,0.3321185658569672,0.6221705670305748
L,0.507537688442211,0.3352521245681013,0.6251731294380037
L,0.5125628140703518,0.3384017128864949,0.6285700106890825
L,0.5175879396984925,0.34156941110769007,0.6324034765748917
L,0.5226130653266332,0.34475752672141846,0.636722408887473
L,0.5276381909547738,0.3479686312975139,0.6415832413208269
L,0.5326633165829145,0.35120559949851216,0.6470515145117125
L,0.5376884422110553,0.35447166159411403,0.6532043371123408
L,0.542713567839196,0.35777046720818395,0.6601324688683576
L,0.5477386934673367,0.3611061587686704,0.6679446966386127
L,0.5527638190954774,0.3644834792347027,0.6767723830031294
L,0.5577889447236181,0.36790789126116413,0.686774329105081
L,0.5628140703517588,0.3713857337985728,0.6981475929198887
L,0.5678391959798995,0.3749244499839771,0.7111375603852713
L,0.5728643216080402,0.3785328449582238,0.7260550995717457
L,0.577889447236181,0.3822214861605776,0.7433019957602206
L,0.5829145728643216,0.3860032167749094,0.7634085259604774
L,0.5879396984924623,0.3898939336576678,0.787087369797783
L,0.592964824120603,0.39391364260202283,0.8153315846635648
L,0.5979899497487438,0.3980882209407187,0.849561340105579
L,0.6030150753768845,0.4024519475277071,0.8919037144810693
L,0.6080402010050251,0.4070520773676641,0.9457278622967215
L,0.6130653266331658,0.41195675016385497,1.0168147306033144
L,0.6180904522613065,0.4172713208913155,1.1159648439486662
L,0.6231155778894473,0.423172477238716,1.2670979958983095
L,0.628140703517588,0.4300059741164242,1.540429002967736
L,0.6331658291457286,0.4386541757610047,2.3688241226147757
L,0.6381909547738693,0.4538132517306429,22.474433825920023
L,0.6432160804020101,0.6645278825541717,21.13360915744316
L,0.6482412060301508,0.6662113337149972,0.33100795601716665
L,0.6532663316582915,0.6678545956799724,0.3239026969365059
L,0.6582914572864321,0.6694666372017962,0.3178751571819259
L,0.6633165829145728,0.6710493208777807,0.3122005294784596
L,0.6683417085427136,0.6726043309653988,0.306845768954812
L,0.6733668341708543,0.6741331979527034,0.30178196065534124
L,0.678391959798995,0.6756373154945983,0.2969836105838811
L,0.6834170854271356,0.677117957858069,0.2924284592380998
L,0.6884422110552764,0.6785762949844284,0.2880961636023186
L,0.6934673366834171,0.6800133966882431,0.2839693896535805
L,0.6984924623115578,0.6814302586995398,0.28003251603207613
L,0.7035175879396985,0.6828277938342941,0.2762709279907825
L,0.7085427135678392,0.6842068509406531,0.27267216366024283
L,0.7135678391959799,0.6855682175896735,0.2692246737857624
L,0.7185929648241206,0.6869126265565905,0.2659180669389441
L,0.7236180904522613,0.6882407609759945,0.26274291738630784
L,0.7286432160804021,0.6895532588921313,0.2596906587454018
L,0.7336683417085427,0.690850717345295,0.25675346774749835
L,0.7386934673366834,0.6921336957539151,0.2539241981625966
L,0.7437185929648241,0.6934027193368789,0.25119631851771096
L,0.7487437185929648,0.694658281869671,0.24856382574769173
L,0.7537688442211056,0.6959008482388658,0.24602119929323524
L,0.7587939698492463,0.6971308567369398,0.24356337052051644
L,0.7638190954773869,0.6983487213094237,0.24118559050945965
L,0.7688442211055276,0.6995548325209544,0.23888354334270592
L,0.7738693467336684,0.7007495609410087,0.23665325443630328
L,0.7788944723618091,0.701933257188656,0.23449092408117964
L,0.7839195979899498,0.7031062536453422,0.23239308872772918
L,0.7889447236180904,0.7042688661205929,0.23035656003709543
L,0.7939698492462312,0.7054213949522476,0.22837870374997388
L,0.7989949748743719,0.706564129474864,0.22645596637089468
L,0.8040201005025126,0.7076973343127592,0.2245858325969133
L,0.8090452261306533,0.7088212735210642,0.2227664894375891
L,0.8140703517587939,0.7099361935030867,0.2209951651832526
L,0.8190954773869347,0.7110423304575793,0.2192698016303235
L,0.8241206030150754,0.7121399101023864,0.21758837622918586
L,0.8291457286432161,0.7132291483091289,0.21594898801855938
L,0.8341708542713568,0.7143102516905127,0.2143498484717581
L,0.8391959798994975,0.7153834181430159,0.21278927320244814
L,0.8442211055276382,0.7164488373508388,0.2112656740408594
L,0.8492462311557789,0.7175066912489542,0.20977755228501296
L,0.8542713567839196,0.7185571544592309,0.20832349258080513
L,0.8592964824120604,0.7196003946919773,0.20690217002449596
L,0.864321608040201,0.7206365732534469,0.20551228975152736
L,0.8693467336683417,0.7216658448402339,0.20415265530038162
L,0.8743718592964824,0.7226883587338527,0.20282215886861304
L,0.8793969849246231,0.7237042584972049,0.20151970024050112
L,0.8844221105527639,0.7247136823543603,0.20024427020285918
L,0.8894472361809045,0.7257167637253743,0.19899489683731136
L,0.8944723618090452,0.726713631066293,0.19777064528670954
L,0.8994974874371859,0.7277044084016226,0.1965706406691439
L,0.9045226130653267,0.7286892153946262,0.19539404357814283
L,0.9095477386934674,0.7296681676335638,0.19424005981113154
L,0.914572864321608,0.7306413767997632,0.19310792985346412
L,0.9195979899497487,0.7316089508481715,0.19199692917313843
L,0.9246231155778895,0.7325709941783877,0.19090636628931051
L,0.9296482412060302,0.7335276077958027,0.18983558089700386
L,0.9346733668341709,0.7344788894637847,0.18878394248809188
L,0.9396984924623115,0.7354249338509594,0.18775084775520887
L,0.9447236180904522,0.7363658326573044,0.18673571901599043
L,0.949748743718593,0.7373016747455925,0.18573800391769488
L,0.9547738693467337,0.7382325462645174,0.1847571737275366
L,0.9597989949748744,0.7391585307629547,0.18379272184816087
L,0.964824120603015,0.7400797092981672,0.18284416265107795
L,0.9698492462311558,0.7409961605383424,0.18191103038344586
L,0.9748743718592965,0.7419079608598099,0.18099287814356435
L,0.9798994974874372,0.7428151844392827,0.1800892769195242
L,0.9849246231155779,0.7437179033414132,0.17919981468598023
L,0.9899497487437187,0.7446161876019559,0.17832409553020115
L,0.9949748743718593,0.7455101053065408,0.17746173883179858
L,1.0,0.7463997226655921,0.17703385445119646
M,0.0,0.0,9.600237824810116e-25
M,0.005025125628140704,4.8242401129699075e-27,2.259384073074509e-21
M,0.010050251256281407,2.2707377618839286e-23,3.135986450782235e-19
M,0.01507537688442211,3.1517500009056753e-21,1.0284724593558335e-17
M,0.020100502512562814,1.0338677364453678e-19,1.527933970910328e-16
M,0.02512562814070352,1.5387637810665624e-18,1.3722211495815785e-15
M,0.03015075376884422,1.389455410612271e-17,8.690075150382135e-15
M,0.035175879396984924,8.887620247837443e-17,4.2570609698579504e-14
M,0.04020100502512563,4.417398777099369e-16,1.7134298936015127e-13
M,0.04522613065326633,1.8109162965502467e-15,5.906381627022615e-13
M,0.05025125628140704,6.377801814416084e-15,1.7964385623394736e-12
M,0.05527638190954774,1.986557521453491e-14,4.9286318431811266e-12
M,0.06030150753768844,5.591179018809573e-14,1.2403862785180054e-11
M,0.06532663316582915,1.4452751275403297e-13,2.9011807202024132e-11
M,0.07035175879396985,3.474877419672328e-13,6.371937108354778e-11
M,0.07537688442211056,7.849232020359203e-13,1.325141353892661e-10
M,0.08040201005025126,1.6792880976382492e-12,2.62722745692808e-10
M,0.08542713567839195,3.425352806988761e-12,4.993627256693445e-10
M,0.09045226130653267,6.6980089586366875e-12,9.142279066127989e-10
M,0.09547738693467336,1.2613572973951566e-11,1.6185685576914646e-09
M,0.10050251256281408,2.2965029638952917e-11,2.78040727055588e-09
M,0.10552763819095477,4.055736463782976e-11,4.647730309700124e-09
M,0.11055276381909548,6.967588702287378e-11,7.579010785775977e-09
M,0.11557788944723618,1.1672832730894513e-10,1.2082752620350483e-08
M,0.12060301507537688,1.9111058672488855e-10,1.8868001141004864e-08
M,0.12562814070351758,3.0635647947984805e-10,2.8908003663500635e-08
M,0.1306532663316583,4.816432868605738e-10,4.3519526159410604e-08
M,0.135678391959799,7.437386519362367e-10,6.446057382870102e-08
M,0.1407035175879397,1.1294882499630958e-09,9.404955431323606e-08
M,0.1457286432160804,1.6889603033255428e-09,1.3530928710806046e-07
M,0.15075376884422112,2.4893805827074242e-09,1.9213941917814906e-07
M,0.15577889447236182,3.620009742301918e-09,2.6952134730870477e-07
M,0.16080402010050251,5.198137842091389e-09,3.7375981610028547e-07
M,0.1658291457286432,7.376389803611315e-09,5.127655566889028e-07
M,0.1708542713567839,1.0351560522381862e-08,6.963840985959663e-07
M,0.17587939698492464,1.4375224965379831e-08,9.367756722600053e-07
M,0.18090452261306533,1.9766391399366855e-08,1.2488514217472195e-06
M,0.18592964824120603,2.692649553570363e-08,1.6507716194488101e-06
M,0.19095477386934673,3.635706094156593e-08,2.1645115315438305e-06
M,0.19597989949748745,4.868038027483764e-08,2.816500976349873e-06
M,0.20100502512562815,6.46636034174441e-08,3.6383433622597608e-06
M,0.20603015075376885,8.524664522217188e-08,4.667620615935291e-06
M,0.21105527638190955,1.115743633765927e-07,5.94879057660372e-06
M,0.21608040201005024,1.4503348518803833e-07,7.534181059284702e-06
M,0.22110552763819097,1.8729477603272048e-07,9.485091184146588e-06
M,0.22613065326633167,2.403610347774514e-07,1.1873002303581033e-05
M,0.23115577889447236,3.0662143235011766e-07,1.4780904525796754e-05
M,0.23618090452261306,3.889128390568156e-07,1.830474894221022e-05
M,0.24120603015075376,4.905887584024815e-07,2.255502776022762e-05
M,0.24623115577889448,6.155965351395056e-07,2.765849172444802e-05
M,0.25125628140703515,7.685635496029637e-07,3.375999980332402e-05
M,0.2562814070351759,9.548930155749225e-07,4.102452956375582e-05
M,0.2613065326633166,1.1808703793894562e-06,4.963933320769969e-05
M,0.2663316582914573,1.453780786506577e-06,5.981624216018501e-05
M,0.271356783919598,1.7820386423058878e-06,7.17941482067671e-05
M,0.2763819095477387,2.1753300147152947e-06,8.58416458936276e-05
M,0.2814070351758794,2.644768751789581e-06,0.0001022598501694587
M,0.2864321608040201,3.2030672023480443e-06,0.0001213853937650732
M,0.2914572864321608,3.86472245797122e-06,0.00014359361364261967
M,0.2964824120603015,4.646219098253768e-06,0.00016930191901622479
M,0.30150753768844224,5.566249282254893e-06,0.00019897337341177407
M,0.3065326633165829,6.645951494351997e-06,0.00023312047524141162
M,0.31155778894472363,7.909168631414806e-06,0.00027230917921298526
M,0.3165829145728643,9.382727164834258e-06,0.0003171631059368102
M,0.32160804020100503,1.1096737535302342e-05,0.00036836803761482406
M,0.32663316582914576,1.3084918497646576e-05,0.0004266766615119486
M,0.3316582914572864,1.5384945188688755e-05,0.0004929135790647263
M,0.33668341708542715,1.803882381488e-05,0.0005679806556070764
M,0.3417085427135678,2.1093293486247304e-05,0.0006528626652491936
M,0.34673366834170855,2.4600257636479928e-05,0.0007486333252178188
M,0.35175879396984927,2.8617246503511848e-05,0.0008564617319828392
M,0.35678391959798994,3.32079132342974e-05,0.0009776192423328967
M,0.36180904522613067,3.844256552193291e-05,0.0011134869531252145
M,0.36683417085427134,4.439873688379703e-05,0.0012655636528653407
M,0.37185929648241206,5.116179821404687e-05,0.0014354743572824805
M,0.3768844221105528,5.8825614846435084e-05,0.0016249796230810157
M,0.38190954773869346,6.749325171234851e-05,0.0018359861284143993
M,0.3869346733668342,7.727773674004711e-05,0.0020705578171495175
M,0.3919597989949749,8.830287801535883e-05,0.0023309279915785836
M,0.3969849246231156,0.00010070414871571124,0.00261951331695441
M,0.4020100502512563,0.00011462964501992574,0.002938928661180544
M,0.40703517587939697,0.0001302411201848624,0.0032920044997062172
M,0.4120603015075377,0.00014771511737878215,0.0036818053107441693
M,0.4170854271356784,0.0001672441886345527,0.004111651083039329
M,0.4221105527638191,0.00018903824384148893,0.004585141935071739
M,0.4271356783919598,0.00021332601712773595,0.00510618488348297
M,0.4321608040201005,0.0002403566848815187,0.005679024676218112
M,0.4371859296482412,0.0002704016420143501,0.006308280405283033
M,0.44221105527638194,0.00030375648794969017,0.00699898408986024
M,0.4472361809045226,0.00034074319065616145,0.007756627333815146
M,0.45226130653266333,0.00038171254155587245,0.00858722092342422
M,0.457286432160804,0.0004270469185297716,0.009497350508275416
M,0.4623115577889447,0.0004771633004330122,0.010494249572583339
M,0.46733668341708545,0.0005325167634803584,0.011585888982460922
M,0.4723618090452261,0.0005936043957341269,0.01278107313734729
M,0.47738693467336685,0.0006609697598356074,0.014089563612793492
M,0.4824120603015075,0.0007352080501340613,0.015522195070808516
M,0.48743718592964824,0.0008169717203462455,0.017091066968227656
M,0.49246231155778897,0.0009069775674026817,0.018809741082161394
M,0.49748743718592964,0.0010060143442875659,0.02069344973893143
M,0.5025125628140703,0.001114951936638172,0.0227594009224887
M,0.507537688442211,0.0012347520420010198,0.02502712835009289
M,0.5125628140703518,0.0013664808647798103,0.02751890178357081
M,0.5175879396984925,0.0015113239192228382,0.030260244345257693
M,0.5226130653266332,0.00167060392352612,0.03328061848481211
M,0.5276381909547738,0.001845802496959641,0.03661420800221544
M,0.5326633165829145,0.002038585913498132,0.04030093621482714
M,0.5376884422110553,0.002250837031782026,0.04438781715430287
M,0.542713567839196,0.002484694628616756,0.04893057801268358
M,0.5477386934673367,0.002742601634924577,0.05399598726129491
M,0.5527638190954774,0.003027367867423742,0.059664790475041536
M,0.5577889447236181,0.003342247770352126,0.06603547069016687
M,0.5628140703517588,0.0036910409396867213,0.07323000554683111
M,0.5678391959798995,0.004078227725596663,0.08140113240961828
M,0.5728643216080402,0.00450914277294922,0.09074316392583481
M,0.577889447236181,0.004990219322841238,0.10150779615077374
M,0.5829145728643216,0.005529321628735884,0.11402792694188317
M,0.5879396984924623,0.006136228638840056,0.1287535048786445
M,0.592964824120603,0.006823326702893121,0.14631207181640585
M,0.5979899497487438,0.007606701722422031,0.1676063749592981
M,0.6030150753768845,0.008507812883388586,0.19399375015128253
M,0.6080402010050251,0.009556387653590686,0.2276304034952525
M,0.6130653266331658,0.010795555632084576,0.2722169786643942
M,0.6180904522613065,0.012292236685393655,0.3347267419884308
M,0.6231155778894473,0.0141596434912648,0.43065409410630173
M,0.628140703517588,0.016620418535708264,0.6057726728876256
M,0.6331658291457286,0.020247811057974564,1.1511978937539917
M,0.6381909547738693,0.02819024661363775,33.71467660023807
M,0.6432160804020101,0.3590887819146401,33.18464176298379
M,0.6482412060301508,0.3617042341813154,0.5117851546378511
M,0.6532663316582915,0.36423235130798537,0.49622658452402046
M,0.6582914572864321,0.36669143603582816,0.48288619174894387
M,0.6633165829145728,0.3690854788632511,0.47030285037424013
M,0.6683417085427136,0.3714180978486346,0.4584075049971346
M,0.6733668341708543,0.3736925894662374,0.4471396261561805
M,0.678391959798995,0.375911963438144,0.4364457428942563
M,0.6834170854271356,0.37807897884205904,0.42627905841526836
M,0.6884422110552764,0.38019617508050846,0.41659683181172164
M,0.6934673366834171,0.38226588167433767,0.40736244267993643
M,0.6984924623115578,0.38429026998181437,0.39854286144503676
M,0.7035175879396985,0.38627133756825766,0.390107243605681
M,0.7085427135678392,0.3882109457969468,0.38202911227200087
M,0.7135678391959799,0.3901108261338054,0.37428395211649523
M,0.7185929648241206,0.3919725935569116,0.3668496538668748
M,0.7236180904522613,0.39379775732844735,0.35970612733941093
M,0.7286432160804021,0.39558773051509666,0.35283508009525477
M,0.7336683417085427,0.3973438385354348,0.3462197807316078
M,0.7386934673366834,0.39906732630134395,0.3398449182371733
M,0.7437185929648241,0.40075936535188883,0.3336964703190693
M,0.7487437185929648,0.40242105967138486,0.32776152882057225
M,0.7537688442211056,0.4040534510686785,0.3220282022684562
M,0.7587939698492463,0.40565752401579147,0.3164855471651062
M,0.7638190954773869,0.4072342103366695,0.3111233174229336
M,0.7688442211055276,0.4087843915275797,0.30593215843380067
M,0.7738693467336684,0.4103089053963057,0.30090343146515974
M,0.7788944723618091,0.41180854661768185,0.29602890584935015
M,0.7839195979899498,0.41328407027921377,0.29130104230300696
M,0.7889447236180904,0.4147361952840437,0.28671287365250864
M,0.7939698492462312,0.4161656066978319,0.2822584776627727
M,0.7989949748743719,0.4175729639037701,0.2779304160302362
M,0.8040201005025126,0.41895887721069863,0.2737231267389956
M,0.8090452261306533,0.42032395010215196,0.2696323363965425
M,0.8140703517587939,0.42166874993830206,0.2656521697876952
M,0.8190954773869347,0.4229938211552946,0.2617780462169973
M,0.8241206030150754,0.42429968507616134,0.25800550173638137
M,0.8291457286432161,0.4255868412732482,0.2543303335150413
M,0.8341708542713568,0.42685576883008136,0.2507485804667878
M,0.8391959798994975,0.4281069275090953,0.24725650566108906
M,0.8442211055276382,0.42934075883672546,0.24385057967927504
M,0.8492462311557789,0.4305576871038619,0.24052746621250395
M,0.8542713567839196,0.43175812030619787,0.23728400896374247
M,0.8592964824120604,0.43294245101304524,0.234117240085368
M,0.864321608040201,0.43411105739248296,0.2310242800372613
M,0.8693467336683417,0.4352643030737212,0.2280024455072723
M,0.8743718592964824,0.43640253925687766,0.22504923110417155
M,0.8793969849246231,0.4375261043913511,0.2221621766705897
M,0.8844221105527639,0.4386353249520595,0.21933899908393248
M,0.8894472361809045,0.4397305164424459,0.2165775048377478
M,0.8944723618090452,0.44081198329213733,0.2138755879154216
M,0.8994974874371859,0.4418800198385808,0.21123126445579268
M,0.9045226130653267,0.4429349105731001,0.2086426323782775
M,0.9095477386934674,0.4439769307167544,0.2061078851340698
M,0.914572864321608,0.44500634660459826,0.2036252939221707
M,0.9195979899497487,0.4460234160828064,0.201193206865293
M,0.9246231155778895,0.44702838888465146,0.19881004478563385
M,0.9296482412060302,0.44802150698517457,0.1964742971481719
M,0.9346733668341709,0.4490030049363919,0.194184518819151
M,0.9396984924623115,0.4499731101893871,0.19193932509787917
M,0.9447236180904522,0.45093204337958664,0.18973738835928275
M,0.949748743718593,0.45188001861510857,0.1875774366423838
M,0.9547738693467337,0.4528172437478518,0.18545825018314982
M,0.9597989949748744,0.45374392062699953,0.18337865835673384
M,0.964824120603015,0.45466024533937677,0.1813375371446889
M,0.9698492462311558,0.4555664084374989,0.17933380675999439
M,0.9748743718592965,0.45646259515606014,0.17736642941827543
M,0.9798994974874372,0.4573489856175821,0.17543440724512457
M,0.9849246231155779,0.45822575502787044,0.17353678030871658
M,0.9899497487437187,0.4590930738618908,0.17167262473461414
M,0.9949748743718593,0.4599511080402786,0.16984105093536314
M,1.0,0.4608000190974221,0.1689333003715487
